org,repo_name,num_commits,health_score
othhotro,Roo.Exe,9144,1.00
himobi,hotspot,3504,0.38
qddt69,ntdtv,3360,0.37
qddt69,djy,2832,0.31
geos4s,18w856162,1944,0.21
pkanGitHub,learn-co-sandbox,1896,0.21
ShaylaWhite,ruby-music-library-cli-online-web-sp-000,1632,0.18
equarius93,repositoryDDD,1440,0.16
hashibiroko,tanoshi,1440,0.16
8emezzo,8emezzo.github.io,1416,0.15
GitClock,GitClock,1392,0.15
Ne00n,Hetzner,1416,0.15
bossm,chancechats,1416,0.15
donaldsouza,my_project,1416,0.15
supermobiteam2,Tizi,1344,0.15
yath,procyon-mirror,1416,0.15
odoo-mergebot-testing-org,repo,1296,0.14
saqib-ali,hivemined,1272,0.14
DHBW-sWIm,mastercrm-vtiger,1152,0.13
ItzLevvie,Office16,1200,0.13
Sainvalw,python-lists-lab-data-science-intro-000,1224,0.13
direwolf-github,my-app,1152,0.13
jeffcampbell,stucktruck,1176,0.13
newstools,2019-vanguard-nigeria,1200,0.13
Andrew-J-Williams,ruby-objects-has-many-lab-online-web-sp-000,1056,0.12
Lombiq,Orchard,1128,0.12
calvinmac40,ruby-objects-has-many-through-lab-online-web-pt-081219,1104,0.12
pequet,public-logs,1128,0.12
Lombiq,Associativy-Core,1008,0.11
Lombiq,Helpful-Libraries,1008,0.11
imaround70,8dee3f89379e7edaaf36e041697ec515,1032,0.11
jfo-omalley,oxford-comma-online-web-sp-000,1032,0.11
Lombiq,Om.Orchard.SocialMetaTags,912,0.10
BIG-RAT,ReEnroller,864,0.09
Tmoyni,ruby-enumerables-hash-practice-green-grocer-lab-nyc-web-102819,816,0.09
allisoncortez,ruby-enumerables-cartoon-collections-lab-online-web-prework,840,0.09
chuan12,shenzhouzd,816,0.09
fvmoodie,calculating-distance-lab-data-science-intro-000,792,0.09
nWoKcir33,learn-co-sandbox,816,0.09
rhtaylor,sinatra-dynamic-routes-lab-online-web-pt-071519,840,0.09
thomasNDS,lbl,864,0.09
Kazankage,simple-nesting-online-web-ft-090919,768,0.08
Lombiq,Orchard-Azure-Application-Insights,768,0.08
Lombiq,Orchard-Training-Demo-Module,768,0.08
SockPuppetry,Loop-A,720,0.08
SockPuppetry,Loop-B,720,0.08
TheLoveableBananaNoodle,BubbleBoiBot,744,0.08
ihenryz,programming-univbasics-3-ruby-method-arguments-lab-online-web-prework,720,0.08
jamaljfrank,artist-song-modules-online-web-pt-081219,720,0.08
ladeeluc,ruby-enumerables-hash-practice-nyc-pigeon-organizer-lab-online-web-prework,696,0.08
madhavithakur,ruby-enumerables-hash-practice-emoticon-translator-lab-nyc-web-100719,696,0.08
newstools,2019-nigerian-tribune-online,768,0.08
revoxhere,duco-statistics,696,0.08
0216johnsoneric,mechanics-of-migrations-v-000,600,0.07
Lombiq,Associativy-Administration,624,0.07
allenyllee,ode,600,0.07
dbcastillo,ttt-6-position-taken-rb-chi-fasttrack-100519,648,0.07
eric100lin,eric100lin.github.io,624,0.07
leightonhughes,lerna-playground,600,0.07
pjhanly,iNatTools,600,0.07
BlythePollard,anagram-detector-online-web-sp-000,528,0.06
LmLutec,sinatra-password-security-online-web-sp-000,504,0.06
Lombiq,Associativy-Frontend-Engines,576,0.06
Lombiq,Associativy-Wikipedia-Instance,528,0.06
Lombiq,Combinator,528,0.06
Lombiq,Hastlayer-SDK,552,0.06
Lombiq,NGM.Favorite,528,0.06
Lombiq,NGM.VoteUpDown,528,0.06
Lombiq,Orchard-Ambassadors-Theme,528,0.06
Lombiq,Orchard-Avatars,576,0.06
Lombiq,Orchard-Confirm-Leave,528,0.06
Lombiq,Orchard-Distributed-Events,528,0.06
Lombiq,Orchard-External-Pages,576,0.06
Lombiq,Orchard-Route-Permissions,528,0.06
Lombiq,Orchard-Token-Title,528,0.06
Lombiq,Orchard-Voting-API,528,0.06
Lombiq,Smart-Notifications,528,0.06
alaskalam,plotting-data-lab-data-science-intro-000,552,0.06
colerau,programming-univbasics-4-building-nested-hashes-code-along-seattle-web-111819,504,0.06
htcAcar,UnitTest,576,0.06
jonathanbrierre,javascript-intro-to-functions-lab-bootcamp-prep-000,576,0.06
k0marrr1,plotting-data-lab-data-science-intro-000,552,0.06
ravermeister,lastfmtube,552,0.06
supershell2019,conf,576,0.06
tcbutler320,tcbutler320.github.io,528,0.06
victorlobe,bordfinderwebsite,552,0.06
CLLane,BackEndBuildOut,432,0.05
EtivenKodi,Hawking,432,0.05
Lombiq,Associativy-Neo4j-Driver,480,0.05
Lombiq,Associativy-Tag-Nodes,480,0.05
Lombiq,Associativy-Tags-Adapter,480,0.05
Lombiq,Associativy-Taxonomies-Adapter,480,0.05
Lombiq,Combinator-CoffeeScript-Preprocessor,480,0.05
Lombiq,Combinator-TypeScript-Preprocessor,480,0.05
Lombiq,Lombiq-Fields,432,0.05
Lombiq,Orchard-Abstractions,480,0.05
Lombiq,Orchard-Background-Task-Viewer,480,0.05
Lombiq,Orchard-Content-Types,480,0.05
Lombiq,Orchard-Facebook-SDK,480,0.05
Lombiq,Orchard-Login-as-Anybody,480,0.05
Lombiq,Orchard-Profile,432,0.05
Lombiq,Orchard-Read-only,456,0.05
Lombiq,Orchard-RestSharp,480,0.05
Lombiq,Orchard-Scripting-Extensions-DotNet,480,0.05
Lombiq,Orchard-Scripting-Extensions-JavaScript,480,0.05
Lombiq,Orchard-Scripting-Extensions-PHP,480,0.05
Lombiq,PCG.RoleLayer,480,0.05
Lombiq,Pretty-Good-Bootstrap-Base-Theme-Sample,480,0.05
MaybeNotWrong,lc-sep,456,0.05
Sainvalw,py-lists-with-maps-data-science-intro-000,456,0.05
SousanCCloud,Vinci,432,0.05
adon0420023,Newton,456,0.05
bluerob45,Aristotle,456,0.05
boom100100,triangle-classification-online-web-sp-000,432,0.05
bradykondek,radio,432,0.05
duytpm16,Weinstock-AgingMicrobiome,432,0.05
eodccloud,Einstein,432,0.05
kodiccloud100,Lincoln,432,0.05
llopez0814,Heisenberg,432,0.05
mssx86,apathy,432,0.05
nekator,ng-electron-devkit,432,0.05
newstools,2019-punch-nigeria,480,0.05
nusmodifications,nusmods,456,0.05
singingcactus,say-hello-ruby-ruby-intro-000,432,0.05
skyler-torian,learn-co-sandbox,456,0.05
supertester00,Galileo,456,0.05
tacotaco2,Curie,432,0.05
tommy605,Tesla,456,0.05
zhangguanzhang,gcr.io,432,0.05
Benji929,Era_of_Empires,360,0.04
DanielAntunes97,nodejs-postgres,336,0.04
Didstopia,SDL,408,0.04
Errrneist,Errrneist.github.io,360,0.04
HOKYEOMKIM,repository2,384,0.04
Janaehall,css-essentials-css-kitten-wheelbarrow-lab-chicago-web-100719,384,0.04
Karan9991,Student-Ride-and-Driver,336,0.04
Lombiq,Helpful-Extensions,384,0.04
Lombiq,Lombiq-Orchard-Visual-Studio-Extension,336,0.04
Lombiq,Orchard-Liquid-Markup,384,0.04
Lombiq,Orchard-Theme-Override,336,0.04
Lombiq,Orchard-Watcher,384,0.04
Lombiq,Pretty-Good-Bootstrap-Base-Theme,336,0.04
MorganCaron,webpack-config-generator,408,0.04
TRIQS,TRIQS.github.io,336,0.04
Tainoko,lab,336,0.04
TalibAzir,AllahPadishah,408,0.04
Unpublished,pkg-oss,384,0.04
Zhenli2018,CathyZL-inf1339-week01,384,0.04
batazor,MyExampleAndExperiments,336,0.04
brittneyhaselmayer,programming-univbasics-3-labs-with-tdd-austin-web-102819,336,0.04
cjacobs,lathe,360,0.04
dkurgan,DiceGame,360,0.04
guadguadt,up,336,0.04
jfo-omalley,deli-counter-online-web-sp-000,336,0.04
josh-richardson,web3j-installer,384,0.04
k0marrr1,plotting-data-readme-data-science-intro-000,384,0.04
kinlane,the-us-narrative-today,336,0.04
lbonanomi,rss,408,0.04
madhavithakur,advanced-hashes-hashketball-nyc-web-100719,336,0.04
michalanisimow,michalanisimow.github.io,408,0.04
monyrattanak-math,academic-netlify,360,0.04
mug913,oo-student-scraper-online-web-pt-081219,408,0.04
nicoleelks,ATK302,360,0.04
sd33m,CTFgangWriteups,336,0.04
simonw,disaster-data,384,0.04
12Parker,12Parker.github.io,312,0.03
AbhishekGangula,python-assignment,264,0.03
AdsonFialho,Portugol,264,0.03
AmberLJC,naive_PQ_sparse,240,0.03
AsifAyenun,AsifAyenunAA-inf1339-A00-A13,288,0.03
Bluleo28,ruby-objects-has-many-lab-online-web-pt-081219,240,0.03
BrendanScott105,PyFractalRenderer,312,0.03
ChaitanyaShanmukha,python-assignment,264,0.03
DaccatTV,squadGameReviews,240,0.03
EISPROYECTOS1,prueba,312,0.03
ElderDrivers,Repository-Website,288,0.03
FlorinAndrei,TensorAim,264,0.03
FloydvanHassel,SoloHelmsLogs,288,0.03
FromDoppler,doppler-webapp,240,0.03
Gamerstone,LinusTrinus,312,0.03
HWBB,LastResort,288,0.03
Janaehall,css-essentials-css-fundamentals-lab-chicago-web-100719,240,0.03
Janaehall,css-essentials-my-little-rainbow-lab-chicago-web-100719,240,0.03
Jasgui,learnfinnish,264,0.03
Jornarileesh,RPI,288,0.03
KrishnaSannasi,compiler,240,0.03
Lombiq,Associativy-Extensions,288,0.03
Lombiq,Associativy-Frontend-Engines-Administration,240,0.03
Lombiq,Associativy-Internal-Link-Graph-Builder,240,0.03
Lombiq,Associativy-Notions-Demo-Instance,264,0.03
Lombiq,Associativy-Web-Services,240,0.03
Lombiq,DotNest-SDK,288,0.03
Lombiq,NGM.Forum,288,0.03
Lombiq,Orchard-Abstractions-Examples,240,0.03
Lombiq,Orchard-Ace-Editor,264,0.03
Lombiq,Orchard-Antispam,264,0.03
Lombiq,Orchard-Azure-Indexing,264,0.03
Lombiq,Orchard-BBCode,264,0.03
Lombiq,Orchard-Content-Widgets,240,0.03
Lombiq,Orchard-Dojo-Library,288,0.03
Lombiq,Orchard-Download-As,264,0.03
Lombiq,Orchard-Facebook-Suite,288,0.03
Lombiq,Orchard-Facebook-Suite-Connect,264,0.03
Lombiq,Orchard-JavaScript.Net,240,0.03
Lombiq,Orchard-Module-Profiles,240,0.03
Lombiq,Orchard-Owner-Queries,240,0.03
Lombiq,Orchard-Recipe-Remote-Executor,240,0.03
Lombiq,Orchard-Scripting-Extensions,264,0.03
Lombiq,Orchard-Security,240,0.03
Lombiq,Orchard-Shoutbox,264,0.03
Lombiq,Orchard-Simple-Analytics,288,0.03
Lombiq,Orchard-Spring-Harvest-Challenge-Theme,240,0.03
Lombiq,Orchard-Target-Blank,288,0.03
Lombiq,Orchard-User-Notifications,288,0.03
Lombiq,PJS.Bootstrap,264,0.03
Lombiq,PJS.FlatJack,240,0.03
Lombiq,PJS.ReTouch,240,0.03
Lombiq,Pretty-Good-Base-Theme,288,0.03
Lombiq,RDB.Bindery,288,0.03
Lombiq,Responsive-Pretty-Good-Base-Theme,288,0.03
Meikay,strong-params-basics-online-web-sp-000,240,0.03
MomasVII,DW,312,0.03
MyshyakOfficial,GNEWS-by-Hennessy,312,0.03
NetUnion,switches,288,0.03
RachelCodesToo,school-domain-online-web-pt-090919,264,0.03
RodSwanston,hirez-gql-api,240,0.03
Sainvalw,jupyter-notebook-introduction-data-science-intro-000,264,0.03
SamuelT-ST,laracom,240,0.03
Scott-LaRee,cs313-php,264,0.03
Steven-Luong,Password-Guess,264,0.03
SwiftWinds,bucket_api_heroku,264,0.03
UCSF-HPC,wynton-slash2,264,0.03
Xfaramir,AutomationBe,240,0.03
aakinlalu,textlabelling,240,0.03
adafruit,makecode-newsletter,312,0.03
alicescfernandes,alicescfernandes.github.io,240,0.03
allinoneapps,repo,288,0.03
andres-a-h,BridgesWThreads,264,0.03
apollographql,react-apollo,288,0.03
armadani,armadani.github.io,288,0.03
cms-sw,cms-sw.github.io,312,0.03
cockroachdb,pebble,240,0.03
coltonfischer,peoplesoft-mods,312,0.03
coreyp93,plugin.program.MyKodiBuildWizard,264,0.03
cshgjy,images,312,0.03
cybertooth-io,ember-data-autocomplete-js,264,0.03
cybertooth-io,ember-simple-auth-okta,264,0.03
danifaubert,stylish-beets,240,0.03
davidonzo,Threat-Intel,288,0.03
dbobb220,kanban_build,264,0.03
doc-jones,labby-algorithm-experiments,288,0.03
dongs365,docker,288,0.03
easylist,easylist,240,0.03
ericcoutinho,piratasdamoqueca,240,0.03
espdev,scikit-curve,240,0.03
exKAZUu,AIChallenge2018AtCodeFestival,312,0.03
farukdanyaya,farukdanyaya.github.io,240,0.03
foulek57,ewejee-b,312,0.03
fxtools,quote_percentages,288,0.03
gercyc,ITSolution.FrameworkDeveloperCore,240,0.03
glynternet,packing,288,0.03
google-test2,signcla-probe-repo,288,0.03
gra1t,javascript-intro-to-functions-lab-js-intro-000,312,0.03
hedgespin,sensor_data,240,0.03
ho3901,bot2,240,0.03
jcanque777,dsc-bernoulli-and-binomial-distribution-lab-nyc-ds-082619,240,0.03
jcanque777,dsc-probability-density-function-nyc-ds-082619,312,0.03
jobhimain,jobhimain,264,0.03
julianodb,mypage,240,0.03
jwu424,628Module2,288,0.03
kahefdev,kahef.dev,240,0.03
kevinkim1030,learn-co-sandbox,264,0.03
kevinkim1030,programming-univbasics-3-ruby-method-arguments-lab-nyc-web-102819,312,0.03
kkaappaa,aaaaaaaa,312,0.03
kunfayakun,kunfayakun,264,0.03
leeminke,boss2,312,0.03
levikap,WordBubble,240,0.03
lonefintech,hugo-contrarian,288,0.03
m6ram,m6ram.github.io,240,0.03
malachyd,captl,288,0.03
mamel123,rlahel,240,0.03
marcosrego-web,Mr.Dev.,312,0.03
markkauffman22,hello-world-ruby-bootcamp-prep-000,264,0.03
markkauffman22,ttt-1-welcome-rb-bootcamp-prep-000,288,0.03
masasam,dotfiles,240,0.03
mras2303,bridgeIT,240,0.03
muuud,muuud.github.io,240,0.03
pbslavin,pbslavin.github.io,312,0.03
per-framework,trade.cpp,264,0.03
racarr01,racarr01.github.io,240,0.03
rust-lang,crates.io-index,240,0.03
scriptzteam,newzNZB-Usenet-Upload-Logger-v1.1,288,0.03
seastian,cco,288,0.03
shunal,rails-form_tag-readme-online-web-ft-071519,240,0.03
silverelitez-constitution,deploy,240,0.03
sourceconnect-testing,connection,264,0.03
sourceconnect-testing,subscription,288,0.03
sudhakar3697,electron-renderer-CSP-sample,240,0.03
table-tennis-tournament,deployment-configuration,264,0.03
tanyabihag,ruby-objects-has-many-through-lab-online-web-pt-081219,288,0.03
technet2,Sentinel,288,0.03
test987987,test100,288,0.03
tgspn,Vero2,240,0.03
thecodepixi,ruby-objects-has-many-lab-online-web-pt-090919,264,0.03
theqa-ninja,BuiltWorlds-Hackathon,312,0.03
triener,home-weewx,288,0.03
tumhopaasmere,tumhopaasmere,264,0.03
ukemakassar,candyJM,288,0.03
vegaitsourcing,patrija,240,0.03
verenceLola,Shopping,288,0.03
wyao905,nyc-sinatra-online-web-sp-000,312,0.03
zendframework,zend-code,288,0.03
0216johnsoneric,writing-migrations-v-000,168,0.02
896660689,rt-n56u-HW,216,0.02
AJGeo,mooc-software-testing,168,0.02
AMarcosCastelo,TESTEVS,168,0.02
ANGSD,ngsPSMC,216,0.02
Abady321x123,blocksmc,168,0.02
AlexHGaming,Aku-Aku,144,0.02
AntonovMikhail,Coursera_Capstone,168,0.02
ArshiaMahmoodi,DrawAlignR,192,0.02
AsteroidTracker,AsteroidTrackerService,144,0.02
Atlacomm,Alta,144,0.02
AwesomeLudumDare45Team,LD45Game,144,0.02
Azylmarillion,GamePratic19,168,0.02
BM-Database,database-beta,144,0.02
BagaJing,s3-springBoot-itc6480,144,0.02
BenedekFarkas,Elemental-Gankery,144,0.02
BjMrq,React-VizzMD-MVP,216,0.02
BlueQuote,Daily_Coding_Problems,168,0.02
BrandyMello,byob,216,0.02
Bryson14,Hackthe-U,168,0.02
CaciocavalloSilano,caciocavallo,168,0.02
CareyLabVT,SCCData,144,0.02
CarolineHoang,divhacks2019,192,0.02
CesarChavezRico,dataLogger,168,0.02
Coldragon,QS2D,192,0.02
CryptoPirates,pod-status-action,192,0.02
Cyntrill,AreaCalculator,144,0.02
DSMJR,dsmrepo,168,0.02
DevinKott,security-manager,144,0.02
Didstopia,physfs,192,0.02
DmitriiR,DmitriiR.github.io,144,0.02
Elronnd,slashem-next,144,0.02
EpsApps,workos-demo-api,168,0.02
FabianGhost,a3laucher,144,0.02
HoonSungKu,HoonSungKu2,192,0.02
HumzahChoudry,learn-co-sandbox,144,0.02
HurdAudio,168h,144,0.02
ImCytox,3D-h-kGT77B,216,0.02
Isabella25,DivHacks-2019,216,0.02
Janaehall,css-essentials-css-issue-bot-9000-chicago-web-100719,144,0.02
JeffKazuk,Ludum45,168,0.02
Juge-Gabranth-15,CodeLucPlayer-Game-Card,144,0.02
Kazankage,learn-co-sandbox,144,0.02
L4COUR,L4COUR_Max-Patchers,168,0.02
LmLutec,sinatra-secure-password-lab-online-web-sp-000,192,0.02
Lombiq,Arithmetics,168,0.02
Lombiq,GPU-Day-Theme,144,0.02
Lombiq,Git-Hg-Mirror-Common,144,0.02
Lombiq,Hastlayer-Hardware-Framework---Xilinx,192,0.02
Lombiq,Orchard-Content-Stress-Test,144,0.02
Lombiq,Orchard-Privacy,144,0.02
LuizZucchi,MC886,144,0.02
LukeGoule,v-os,192,0.02
MakeNowJust,diary,144,0.02
MamadoumichelDiakhate,python-lists-readme-data-science-intro-000,168,0.02
MarceloHBoff,aircnc-backend,192,0.02
MikeAnderson89,Pokemans,168,0.02
MollardMichael,what-time,168,0.02
MonsterOfCode,React-Exercise,144,0.02
Nojipiz,FarmApp,144,0.02
OntologicalSin,BuiltWorlds2019,168,0.02
OurHealthcareHK,api,144,0.02
PAWEL-Sam,geek-brains,144,0.02
PauloMorillo,holbertonschool-higher_level_programming,144,0.02
Pix1234,ZppixBot-Source,144,0.02
Preecington,WebDinosaurs,144,0.02
RamaniOS,PayrollSystem,216,0.02
RustCrypto,universal-hashes,144,0.02
SIL3nCe,LD45-RedPandaChan,144,0.02
SaeedAnas,JavaRobot,168,0.02
SamLayton97,GDD3100-Terminus,216,0.02
SauloPM,guia-angular,168,0.02
SherG,perpetual-elm,192,0.02
SiTaggart,lint-config,192,0.02
SignpostMarv,emogrifier,144,0.02
SimonCalleLaverde,SimonCalleLaverde.github.io,144,0.02
Smith-Jessica,cs313-php2,216,0.02
Symbian9,Blender-249b-AppImage,144,0.02
TahiriNadia,ElleCode-ACM,168,0.02
TechInterMezzo,techintermezzo.github.io,168,0.02
TheAlemazing,theA,192,0.02
Tiago-Lira,find-me,144,0.02
TonyLidiang,CS425-Distributed-System,192,0.02
Trejon,sinatra-fwitter-group-project-online-web-pt-061019,144,0.02
UniverseSquared,wttr.el,168,0.02
VinceLizard,MadMax,144,0.02
Wetpaint3,gradient-to-cost-function-data-science-intro-000,216,0.02
WinnyCheng,a5-databases-and-components,168,0.02
YPermitin,MagickPlatformHistory,144,0.02
Yong-Ai,boss-repo-2,192,0.02
ZuhairGhias,LD45,144,0.02
aegershman,homebrew-tap,216,0.02
aengblom,GREDA,216,0.02
ahtwq,getIp,144,0.02
ajpowell021,Ld45-StartWithNothing,144,0.02
alaeners,SEE-ME-2.0,168,0.02
aldogdl,appsweb,144,0.02
alypher,JavaScript,168,0.02
amila-ku,shoppingpal,144,0.02
andela-fabolaji,ridepool-api,144,0.02
aoindustries,ao-credit-cards,192,0.02
aoindustries,ao-credit-cards-bom,168,0.02
apan1121,powerInfo,144,0.02
asymworks,hass-config,144,0.02
atleastzero,HerdImmunitySimulator,144,0.02
badgerloop-software,BOM-Webapp,216,0.02
bahayg,ruby-enumerables-introduction-to-map-and-reduce-lab-seattle-web-102819,192,0.02
bcgov,dbcrss,144,0.02
bootpack,bootpack,192,0.02
botblock,BLAPI,144,0.02
c0sta,gsw-teste,216,0.02
caiowbarros,front,192,0.02
cargodog,mk8x-template-project,168,0.02
cartant,rxjs-tslint-rules,144,0.02
cedric5,LockBox,144,0.02
cesarleco,DiplomadoAutomatizacion,168,0.02
ceylanb,erciyes_duyuru,144,0.02
ching-wang,cli-applications-jukebox-london-web-100719,168,0.02
cmr6117,api_project,168,0.02
cmyr,bloat-cmp,192,0.02
codefellows,seattle-javascript-401n14,216,0.02
coderCleric,cse101_computer_history,216,0.02
colaboradados,colaboradados.github.io,144,0.02
collardeau,svelte-fluid-header,144,0.02
collberg,collberg.github.io,168,0.02
coreyp93,MyKodiBuild,192,0.02
cori-hendon,OptGeo_ServerStat,144,0.02
cosckoya,jenkins-ci,168,0.02
cpbcpb,medpal,168,0.02
cryoem,eman2,168,0.02
curzonj,brain,168,0.02
daniellacosse,idea-slot-machine,144,0.02
danielmnunes,danielmnunes.github.io,144,0.02
davvs,davvs.github.io,144,0.02
ddesantiago,Tutorials,168,0.02
deltachat,deltachat-core-rust,144,0.02
deulos,vue-flux,216,0.02
dhairyagandhi96,Flux.jl,144,0.02
dhruvp97,ECE344,168,0.02
diegoleonardoro,climate_api,144,0.02
digomatos,azurebootcamp-data,168,0.02
dillonhafer,tpr-mobile,144,0.02
dmaster18,ttt-with-ai-project-online-web-sp-000,216,0.02
dmoore092,shortstop-laravel,144,0.02
docker-library,docs,216,0.02
dogepeng,FriendProj,216,0.02
dsmith94,northeugenepioneers,192,0.02
ebursim,DataScientology,144,0.02
edleyrocha,OracleSetup,144,0.02
edusachin,Lab1-014153425,168,0.02
eliasjuanpablo,wineapi,168,0.02
emdecr,edc,144,0.02
eng-solutions,backendAPI,144,0.02
enigio,TimeBeatTest,144,0.02
erinmilling,new-portfolio-gh-pages,144,0.02
ero333,HermanosMariano,144,0.02
eskulle,eskulle.github.io,192,0.02
ferricoxide,LxEBSbackups,144,0.02
fluffy-samurai,fluffy-samurai,192,0.02
fonoster,routr,192,0.02
frivasa,frivasa.github.io,168,0.02
fullprofit24,fullprofit24,144,0.02
fzqk,fzqk.github.io,192,0.02
g0v-data,mirror-10minutely,144,0.02
g0v-data,mirror-minutely,144,0.02
gearmover,basicdiploma,144,0.02
geophray,geophray.github.io,144,0.02
gerardoaranciaga,tpe-tio,144,0.02
gfw-breaker,banned-news,144,0.02
gth2103,res_app,168,0.02
gywls517,react-todo,192,0.02
h0psing,skill-pirate-parrot,192,0.02
hack4impact,javascript-base,144,0.02
hamidoukolon,Bootstrap-Portfolio,192,0.02
happysimon123,learngit,144,0.02
hdbif,nomes-brasileiros,168,0.02
himang1124,bosstime11,144,0.02
hudsonr2018,extrack,144,0.02
ili-test,Module.Template,216,0.02
jacobmcleman,LD45,216,0.02
jaemin95,HW-Assignment-1,144,0.02
jamaljfrank,modules-reading-online-web-pt-081219,192,0.02
jerimumhs,JerimumBot,168,0.02
jhaberland,EA3,216,0.02
jhcheung,css-essentials-css-kitten-wheelbarrow-lab-dumbo-web-100719,216,0.02
jie1ong,blog,144,0.02
jimbob666,aqi,144,0.02
jingle-lang,chime,192,0.02
jmpcba,MG,168,0.02
joejode,Data-Sience-Projects,144,0.02
joelburdorf,joelburdorf.github.io,144,0.02
johncban,orm-mapping-db-to-ruby-object-lab-online-web-sp-000,168,0.02
jorgezafra94,holbertonschool-higher_level_programming,144,0.02
joschi,jackson-datatype-threetenbp,144,0.02
juandiegobonilla,customerquery,192,0.02
kaciecooper,kaciecooper.github.io,216,0.02
kahmannf,iterable-transforms,144,0.02
kcaze,rags_to_riches,144,0.02
kellinder,kellinder2,144,0.02
kennethFSDEV,SteamCMD-Mod-Collection-Manager,168,0.02
keulpu,boss10DB,144,0.02
keum,cso_digitalocean,144,0.02
khariP,hello-world-ruby-dc-fasttrack-100519,168,0.02
klingat,dead-season-deals,144,0.02
klisostom,Watermelon-Icecream,144,0.02
konstantinkrumin,Java-Programming-Solving-Problems-with-Software,144,0.02
l50,MOSE,144,0.02
laarchambault,learn-co-sandbox,144,0.02
larsks,tm-v71-kaitai-example,168,0.02
leile26,leile26.github.io,144,0.02
lezsakdomi,rimszotar,168,0.02
ljodal,python-actions,192,0.02
ltramos7,ttt-4-display-board-rb-chi-fasttrack-100519,216,0.02
luca16s,Domain-Core,144,0.02
lukedigiovanna,Ludum-Dare,168,0.02
lulz3xploit,ovpnbook,144,0.02
m3koenig,ArcaneCodexFankompendium,144,0.02
marcosbuganeme,api-nodejs,192,0.02
matts-git,matts-git.github.io,144,0.02
mclarenJP,botjpm,216,0.02
melnikolaidis86,catfriends,144,0.02
mikel-k-khui,battleship-server,168,0.02
mikelewek,VapingBans,216,0.02
mircea-dinoiu,financial,168,0.02
miteshksingh,LeetCode,144,0.02
mlevine1708,scraping-flatiron-code-along-online-web-sp-000,144,0.02
mmarziano,jsdom-task-lister-lite-v-000,168,0.02
mmmb1,single_en,144,0.02
mmmb1,single_fa,144,0.02
mongodb-university,customer-labs,168,0.02
mrbing47,Aayam-Actual,144,0.02
mthayer3,Statistical-Computing,144,0.02
mverteuil,mig3,192,0.02
myii,test-travis-ci,168,0.02
nate745,ruby-enumerables-cartoon-collections-lab-chicago-web-100719,216,0.02
nbcohen99,CS411_Group,144,0.02
nedvedikd,five-in-a-row,168,0.02
newswebeasy,radionews,144,0.02
newswebeasy,rn201940,144,0.02
nextapps-de,mikado,144,0.02
ngardiner,TWCManager,144,0.02
niknetniko,travis-test,168,0.02
nmoinvaz,zlib-ng,144,0.02
nshki,chusaku,144,0.02
o-curupira,o-curupira.github.io,168,0.02
opentimestamps,nist-inject,144,0.02
orange-aardvark,editable-docs-demo,216,0.02
orf,git-workspace,144,0.02
othercorey,cakephp,168,0.02
pab47,RoadRunner2,144,0.02
peelvalley,UF_CampaignMan,192,0.02
persik-dev,LibraLive,168,0.02
phillebaba,lainecloud-applications,216,0.02
pirates-ophase,pirates-ophase.github.io,144,0.02
pjbartlein,pjbartlein.github.io,216,0.02
podpolkovnik,Labs-3-course,192,0.02
postgresql-cfbot,postgresql,168,0.02
prywes,druck,144,0.02
psych251,koenders2016,168,0.02
pytorch,pytorch,144,0.02
qiusiyuan,qiusiyuan.github.io,144,0.02
randlos,zuckergrafik,192,0.02
rebeccamarye,DotNest-SDK,144,0.02
reynaldoeg,cron-bash,144,0.02
rhamsesreymundo,MEDANTRO,216,0.02
ronman234,CSE-440-Fall-2019,192,0.02
rpinnola47,PYTHON,144,0.02
rpsamuel,MyPython,216,0.02
ryo-a,jp-power-outage,144,0.02
s-shinohara,TextEditor,144,0.02
samber,powEUr,144,0.02
sameeraleola,sameeraleola.github.io,144,0.02
schleichmichel,CustomPlaylistAndEpgForKodi,144,0.02
sechoi1300,USACO,192,0.02
simonw,pge-outages,144,0.02
skapur12,skapur12.github.io,192,0.02
smoofra,llvm-project,144,0.02
sneeak,tmare,168,0.02
softjourntest,acme6030Fore2e,144,0.02
sourceconnect-testing,reposync,216,0.02
souzamarlon,js-learning,144,0.02
spiyer99,retinanet,144,0.02
squirrelsoftcompany,LD45,168,0.02
stephenkeating,advanced-hashes-hashketball-dumbo-web-100719,168,0.02
stinsan,Sorting-Randomized-Images,144,0.02
subthanasarn,manjunj,192,0.02
sweetmans,mysql-trigger-for-laravel-migration,192,0.02
swegener,gentoo-portage-rsync-mirror,144,0.02
table-tennis-tournament,match-management-server,168,0.02
taengstagram,fanystagram,168,0.02
taktakada,taktakada.github.io,216,0.02
taylorjohn,CS50,168,0.02
theapplegates,magazinething,144,0.02
thedeo,nodejs-k8s,144,0.02
thepkw,cv3,144,0.02
ticketszones,blockchain-explorer,168,0.02
tonysulfaro,sports-bets,144,0.02
torrac,innersource,144,0.02
twaclaw,malaga,216,0.02
twilio-labs,open-pixel-art,216,0.02
vasilis-stylianou,vasilis-stylianou.github.io,144,0.02
vegaitsourcing,nvs,168,0.02
vitalyli81,Algorithmic-problems,144,0.02
vogt4nick,datascience-bot,192,0.02
webbertakken,react-unity,144,0.02
weirdcalculator,wptdolphin,144,0.02
wenzhixin,bootstrap-table-examples,144,0.02
whpskg,ProjectEuler,192,0.02
whutsup86,leesungho,192,0.02
whyboris,Video-Hub-App,168,0.02
wigglemouse2003,phillip-woolf-react-portfolio,144,0.02
willdiep,programming-univbasics-4-building-nested-hashes-code-along-sf-web-102819,144,0.02
xsocide1,repository2,168,0.02
y-yagi,note-page,192,0.02
yanonono,booth-update,168,0.02
yashha,wp-nuxt,144,0.02
yzhzeng,scratch3,144,0.02
zentrev,Gunner,192,0.02
zsxs2,zs,144,0.02
zsxs2,zsxs2.github.io,144,0.02
01duke,01duke.github.io,48,0.01
0ctobyte,procyon,48,0.01
0ld-h3ad,DarkMatters-Fall2019,48,0.01
11-785-Deepfakers,Deepfakers-playground,48,0.01
12afaelPereira,Show-The-Local-Weather,72,0.01
1543develop,meeting_registration,96,0.01
19h,heartbeat,48,0.01
2key,contracts,48,0.01
32-52,LoadCraft,48,0.01
474151949,forginghub00,72,0.01
474151949,forginghub01,72,0.01
474151949,forginghub02,72,0.01
474151949,forginghub03,72,0.01
474151949,forginghub04,72,0.01
474151949,forginghub05,72,0.01
474151949,forginghub06,72,0.01
474151949,forginghub07,72,0.01
474151949,forginghub08,72,0.01
474151949,forginghub09,72,0.01
4ngrym0f0,particle,48,0.01
540792740,2019_Python,48,0.01
5john,5john,48,0.01
5nano,bush,48,0.01
6135,LAB3,48,0.01
6543-forks,aports,48,0.01
727021,CS313,72,0.01
7kingca,dbbotboss,72,0.01
87591,increase,72,0.01
87591,increase00,72,0.01
87591,increase01,72,0.01
87591,increase02,72,0.01
87591,increase03,72,0.01
87591,increase04,72,0.01
87591,increase05,72,0.01
87591,increase06,72,0.01
87591,increase07,72,0.01
87591,increase08,72,0.01
87591,increase09,72,0.01
92fueler,JavaScript-problem-collection-by-JW,48,0.01
ADC9090,hello-world,72,0.01
AErmie,ARM-Template-Tutorial-Walkthrough,48,0.01
AErmie,azure-docs,48,0.01
ALandFarAway,alfa009_ms,48,0.01
ANU-WALD,afms,48,0.01
ATeamUnreal,OctoPrototype2,48,0.01
AVNISHPATEL102,JavaCode-Challenges-2,48,0.01
Aaronontheweb,petabridge-dotnet-new,96,0.01
Adakai,3-project-todo-list,48,0.01
Adali12,task-of-everyLeaf-co,48,0.01
Adonai,junit2md,48,0.01
Adurtxi,EPBasic-Tasks,48,0.01
AetherUnbound,misago_docker,48,0.01
AetherVial,Game,96,0.01
Agauntt,Chatr,72,0.01
AgoutiGames,ld-45-start-with-nothing,48,0.01
Agrorobots,Material-,96,0.01
Aidenbolos,Green-Sense,72,0.01
Akaricchi,SDL2_mixer,96,0.01
Akin909,Dotfiles,72,0.01
AlbertSuarez,git-inspect,72,0.01
AlecDiraimondo,BuiltWorldsHackathon,48,0.01
Alex4008,MegaManX,48,0.01
AlexCheema,aws-cdk,48,0.01
AlexHaxe,haxe-formatter-benchmark,48,0.01
AlexanderCleasby,customDash,48,0.01
Algorithm2402,KotlinAsFirst2019,48,0.01
Algoritmos-e-Estrutura-de-Dados-CCF211,TP-Matriz-Esparsa,48,0.01
AliManUtd,udacity_ai4robotics,48,0.01
AliRaza1844,Express_Node,48,0.01
Aliics,eyebrow-fish,48,0.01
Allors,allors2,48,0.01
AndreaF19,2daentregaopcional,48,0.01
Andres20141684,eventrinet-frontend,48,0.01
AndresFelipeRG,NaturalLanguageApplicationGoogleAPI,48,0.01
Andrey1994,brainflow,48,0.01
AngelinCalu,DocumentedApp,72,0.01
AnimaMundi,micro-apps,48,0.01
Anthonyntilelli,learn-co-sandbox,96,0.01
Antichrist369,oo-student-scraper-online-web-sp-000,72,0.01
AntonioCheca,MTGG,72,0.01
AntonioHR,LD45,48,0.01
AntumDeluge,arianne-stendhal,48,0.01
AnyDSL,stincilla,48,0.01
AppImage,pkg2appimage,48,0.01
Arham4,Chillennium-2019,48,0.01
Ario124,heroku-deploy,120,0.01
Arkelis,sunflower-radio,120,0.01
Ars235,Tehnotrack,120,0.01
Artyom17,webvr.info,48,0.01
AsciiTable,cecs-229,48,0.01
AsteroidLabs,asteroidlabs.github.io,48,0.01
AstronomerJoe,FutileTest1,48,0.01
AtkinsAnn,HelloWorld,96,0.01
Atomator,portfolio,48,0.01
AtomicLoans,agent,48,0.01
AugurProject,augur,48,0.01
AugustoCalado,Usp-Sl-Ruby-Blog,96,0.01
AustinEast,ogmo-site,48,0.01
AustinShalit,frc-docs,48,0.01
AutarkLabs,open-enterprise,72,0.01
AviatrixSystems,Docs,48,0.01
Axon77,webtech-seme-1,48,0.01
Aynril,Curia,96,0.01
Az1rish,bookmarks-app,72,0.01
Azure-Samples,serverless-workshop,96,0.01
B9Ingenieria,cookbook-observatorio,120,0.01
BRReagan,python-practice-with-datatypes-data-science-intro-000,48,0.01
BRReagan,python-variables-readme-data-science-intro-000,48,0.01
BSaini25,HandwritingNet,48,0.01
BTS-Interns-2019,internship_nodeJS,72,0.01
Babblesort,js-pairing-exercises,72,0.01
Badrpas,LD45-server,96,0.01
BattlerockStudios,LD45,72,0.01
BayviewComputerClub,smoothie-runner,48,0.01
Beck-Haywood,Herd-Immunity_Simulation,72,0.01
Bestande,ethz-summary-of-credits,72,0.01
Bhavya6187,reports,72,0.01
BigBrainAFK,node-wooting-analog-wrapper,72,0.01
Binary-Wrench,github-slideshow,48,0.01
BinayaS,ComS321Assingment-1,48,0.01
Birinder1469,BirinderSingh_Blog,48,0.01
Bishnu82,mySQL-instructions,48,0.01
BitterDone,ReactNative,48,0.01
Blackwidowsari,Hello-World-Maven,96,0.01
BlakeBoxberger,LastLocked,72,0.01
BlissTechInc,krebel,48,0.01
BlockScope,blockscope,72,0.01
Blockmodo,coin_registry,72,0.01
BlueWallet,BlueWallet,48,0.01
BlythePollard,learn-co-sandbox,48,0.01
Boivin92,ludum45,72,0.01
Bolbot,CPP_server,72,0.01
Bombix34,LudumDare45,72,0.01
BondWong,barrier,120,0.01
BondarenkoArtur,LD45-client,72,0.01
BowenYin,harker-bell,48,0.01
Brajagopaldas,triviabot,48,0.01
BrianAllison-kruel,brianallison-kruel.github.io,48,0.01
BrijPatel15,ML_Adventures,96,0.01
Bronha1,bronha.ml,72,0.01
BrunoPaviani,projeto-integrador,72,0.01
Bryand700,Restaurante,72,0.01
Bstill8,my-first,48,0.01
CACProjectS,ProjectS,96,0.01
CELopez,CELopez.github.io,48,0.01
CESA-WEB-DEV,CESA-home-page,72,0.01
CGrimes8400,CGrimes8400.github.io,48,0.01
CHDKUtil,CHIMP,120,0.01
CPSC-331-F19,Assignments,48,0.01
CS-27,SER517Fall2019_Group3,72,0.01
CS1666,Team-1,120,0.01
CS2-Fall2019,Candy-Land,72,0.01
CU-DSI-Scholars,DSI-scholars,72,0.01
CU-DSI-Scholars,site-source,72,0.01
CYB3RMX,Nscript,48,0.01
Calinou,free-blue-noise-textures,48,0.01
Calistu,Projeto_FatecNews,120,0.01
Captain-Blackstone,Python-courses-Bioinsormatics-Institute-,48,0.01
CarlosAsrc,LabRedesT1,96,0.01
CarolineNakazato,Xadrez,48,0.01
Caroll1889,holbertonschool-higher_level_programming,72,0.01
CarsonAurum,LearnC,72,0.01
Catherinexing,Greenland,96,0.01
CenWIDev,app-cwitc,48,0.01
Centre-for-Cancer-Outcomes,NCPES-Dashboard,72,0.01
ChaelCodes,HuntersKeepers,72,0.01
ChaiUrs,LHL_FINAL_OCT2019,72,0.01
ChapmanCarin,floodBackEnd,48,0.01
CharlesFee,CS-385-code,48,0.01
CharliGithub,whatsmatter,72,0.01
ChickenKyiv,meal-form-component,48,0.01
Chiphyr,amddude.cf,96,0.01
ChocolateTan,Collector,96,0.01
ChrisBrownie55,mini-debounce,48,0.01
ChrisBrownie55,mui-phone-input,48,0.01
ChrisInc2,User-Interface,72,0.01
Chrispolanco,nightskytracker,120,0.01
ChronoDS,daniel-shema-24-09-19,48,0.01
CitrusGender,tgstation,72,0.01
Cl3arglass,insertion-sort-lab-v-000,48,0.01
ClamSageCaleb,UNCC-SIX-MANS,48,0.01
Clauvin,Quarter_Circle_Forward_PUNCH_Mod,72,0.01
ClipboardProject,ClipboardApp,48,0.01
CobaltWolf,Bluedog-Design-Bureau,48,0.01
CocoaPods,Specs,48,0.01
CodaProtocol,coda,48,0.01
Codeuctivity,mencoder-sharp,48,0.01
Cogentx,cogentx-giflist-app,48,0.01
ColonolNutty,Sims4CommunityLibrary,48,0.01
ConnorSkees,ski,72,0.01
ContextMapper,context-mapper-standalone-example,96,0.01
ContributorCovenant,ethicalsource,120,0.01
Coolpreye,prof-portfolio,72,0.01
CoreDumped-ETSISI,mamuthack-1-front,48,0.01
Cracroule,proverbes_chinois,96,0.01
CryTime,QuestionnaireAutoEcole,48,0.01
D3S0X,Soundboard,72,0.01
DBC-Works,working-time-around,48,0.01
DDDEastMidlandsLimited,dddem-blog,48,0.01
DEploid-dev,DEploid,48,0.01
DH-Diego,DH-Diego.github.io,48,0.01
DIS-SIN,Evalhalla,48,0.01
DVC-Viking-Robotics,webapp,48,0.01
Dagothig,siamese-cashier,48,0.01
Damhan,vancipitation,48,0.01
DamienTehDemon,Portfolio,96,0.01
Dan-Nolan,JS-Tutorials,48,0.01
Danco93,TreehouseProject2,48,0.01
Daniel2242014,DataConfiguracionABMusuariosSO,72,0.01
DanielAntunes97,loja,120,0.01
DanielGardiner,DanielGardiner.github.io,72,0.01
DanielIrons,Chillenium2019,48,0.01
DashingStrike,Automato-ATITD9,48,0.01
DataDog,integrations-core,96,0.01
DaveVoorhis,Relang,72,0.01
David-Desmaisons,ComponentFixture,48,0.01
David-Durst,embeddedHaskellAetherling,48,0.01
DavineChi,_Fall2019,48,0.01
DeFreitas-Samuel,Red_Social,48,0.01
Deepwalker,trafaret,48,0.01
DeliriumProducts,aumo,48,0.01
DelveFonts,Overpass,48,0.01
DenDen047,hydra-tutorial,72,0.01
Dendroidal,EqDendSetsOps,48,0.01
DenilsonNazario,calculadora-angular,96,0.01
DevinKott,security-touch,72,0.01
Dhabbah,WebMobile,72,0.01
DiLadyDi,Diana_web_cite,48,0.01
DiamondTop,SQLalchemyhw,48,0.01
Didstopia,SDL_image,96,0.01
Didstopia,SDL_net,96,0.01
Didstopia,SDL_ttf,48,0.01
DiegoMelo520,ObligatorioP2,48,0.01
DiffSharp,DiffSharp,48,0.01
Dingdash,discord-dan,72,0.01
Diode222,Odin,72,0.01
Diptoman,LD45,96,0.01
DmGamesCWB,ld45,48,0.01
DoodleIbu,doodleibu.github.io,96,0.01
DoodleIbu,mta-whr,48,0.01
DorothyTruong,DorothyTruong.github.io,72,0.01
DrLennon666,courses,48,0.01
DrSnips,vgstation13,48,0.01
Drag49487Jr,Poki-Battle,48,0.01
DrakeW,splunk-sdk-python,48,0.01
Driedplum,CloudManager,96,0.01
DrumSlayers,drumslayers.github.io,72,0.01
Drumev00,Databases-Basics-MS-SQL-Server,48,0.01
DuckieTV,Nightlies,48,0.01
Duranzno,PanaDoc,48,0.01
Dusteen99,05-Space-shooter,48,0.01
Dylan-Gardner,Lab1-Senior-Design,72,0.01
DzunN86,first-contributions,48,0.01
EQEmu,docs-db-schema,72,0.01
EarthMCBE,Lode.Api,48,0.01
EastLee,lerna-test,96,0.01
EasyTOI,easytoi.github.io,72,0.01
Easybuoy,ezekielekunola.dev,96,0.01
EduardoGHdez,vpr,48,0.01
EgyptianTourist,Math-Chapter-CP3-book,48,0.01
EikeSan,saltyGacha,72,0.01
Eiraheta115,ec_cfp,48,0.01
ElAdrixHD,carina-bot,48,0.01
EmanoelV,Crazy-Snake,48,0.01
EmilGrigoryan,2019-2-Atom-Frontend-E-Grigoryan,48,0.01
EnAppelsin,SHARCarRandomiser,72,0.01
EnJavy,start,48,0.01
Endogen,Telegram-Bauer-Bot,48,0.01
EnigmaDragons,LDJAM45,96,0.01
Enzocollado1996,ladatamza,72,0.01
EricVincitore,Basic-Portfolio,72,0.01
Erica97,Erica97.github.io,72,0.01
ErwanMAS,tuya-convert,48,0.01
Eslamanwar,name-contests,96,0.01
Estafet-LTD,estafet-microservices-scrum-basic-ui,72,0.01
EternalMage,TP1,48,0.01
EthanRowlette,cv,120,0.01
FAETHER,Uni-Labs,48,0.01
FPorucznik,FPorucznik.github.io,96,0.01
FTC12457,SkyStone,48,0.01
Fajar-ID,Tools-Webdav,120,0.01
FaridManafov,HTMLPortfolio,48,0.01
FaridaOS,svm_training,96,0.01
FarmerShawn,ImprovingDesign,48,0.01
FasterXML,jackson-datatype-joda,96,0.01
Fe1ix789,Boeing_737-Tableau-Project,72,0.01
FelipeMolinari,Curso-WEB-com-javascript,48,0.01
Fernal73,LearnJava,96,0.01
FernandezF91,RedAgro-ProjectoFinal,48,0.01
FernandoSLuz,olivetti-nodejs,48,0.01
Firemogle,HAMaster,48,0.01
Flowminder,FlowKit-benchmarks,48,0.01
FluidSynth,fluidsynth,72,0.01
Francisomondi,simpleBookmarkAPI,96,0.01
GInxh,GInxh.github.io,48,0.01
GL7526,python-variables-readme-data-science-intro-000,120,0.01
GLukeM-H,Demos,96,0.01
GTAmodding,re3,48,0.01
GUTL,zeal,72,0.01
GabrielBarbosaGV,if701,48,0.01
GabrielCamargoL,Projeto,48,0.01
GabrielManhaes,inf1301,96,0.01
Gabrielkoyamao,jenkins,120,0.01
Galatolol,tmp,72,0.01
GaneshaShiisa,test-project,120,0.01
GeekON-School,vk-bot,72,0.01
GenMaker,scraping-reading-online-web-sp-000,96,0.01
Genometric,ToolVisibilityQuantifier,72,0.01
GeorgiaCyber,kinetic,120,0.01
Giganton0,YoutubeDownloader,48,0.01
GlassBeardTeam,GoodProductSorter,48,0.01
Gliby,physics,72,0.01
Gostatistics,R-Template,120,0.01
GouKit,STLGameJam,48,0.01
Gravehaus,friendfinder,120,0.01
GretaCB,mimi,48,0.01
Grinshpon,Bare-Bones,48,0.01
GroceriStar,groceristar-fetch,48,0.01
GrupoJackTorrance,TpProgramacion,48,0.01
Guiliang,sport-analytic-variational-embedding,48,0.01
Guille0197,Painting,48,0.01
GurjeetKaurJhass,ChippyAssignment,48,0.01
Gustavo-V-F,RTOS_11,48,0.01
GustavoGB,Processador-Relogio,72,0.01
H00001,h00001.github.io,48,0.01
H4wki,SyntaxrBot,48,0.01
HELVE,HELVELOGS,48,0.01
HEP-KBFI,tth-htt,72,0.01
HLPugs,HLPugs.tf,72,0.01
HaQadosch,devto_reasonML,48,0.01
HackGT,bolt,48,0.01
HackatonTeam-CoreDumped,CarlosIdeaAgain,48,0.01
Hajime-san,tetris,48,0.01
Ham4690,portfolio,48,0.01
Haotian9850,internet-scale-app,48,0.01
HaraHeique,TPA-trab2-ordenacao,48,0.01
Harium,v4l2-ctl-java,48,0.01
Hatfun,trocalculator,48,0.01
Hejmej,GoldenHack2019,72,0.01
HelixBot,lxqt-panel,120,0.01
Helliaca,MC_fieldbuilder,48,0.01
HelpfulScripts,hsDatab,48,0.01
HelpfulScripts,hsDocs,48,0.01
HelpfulScripts,hsExcel,48,0.01
HelpfulScripts,hsGraph,48,0.01
HelpfulScripts,hsGraphD3,48,0.01
HelpfulScripts,hsHomeSec,48,0.01
HelpfulScripts,hsLayout,48,0.01
HelpfulScripts,hsUtil,48,0.01
HelpfulScripts,hsWidget,48,0.01
HenriqueNDA,PIMpizzaria,48,0.01
HerouFenix,CSLP,48,0.01
HielkeMinecraft,OpenNoteBlockStudio,48,0.01
HikingCarrot7,C-CPP,72,0.01
HippieStation,slimbus,48,0.01
HistoireaParis,HistoireaParis.github.io,48,0.01
HmmamBabiKhouja,Aleppo,48,0.01
HuBandiT,rqrcode,48,0.01
Huangerbai,Huangerbai.github.io,48,0.01
Hussein-A,Arithmetic-Test,48,0.01
HuydDo,sinatra-online-game,72,0.01
HyDevelop,VeracrossAnalyzer.Client,96,0.01
HydraCG,Heracles.ts,48,0.01
IAD-ZHDK,IR_tracking,72,0.01
IBM,adversarial-robustness-toolbox,48,0.01
IDSUCLA,day,72,0.01
IIMiketoII,TeamSomethingBetter,72,0.01
IMASau,geoserver-config-rls,48,0.01
