org,repo_name,health_score,num_commits,max_num_commits,commit_count_metric,avg_opened_duration,min_opened_duration,opened_issued_metric,avg_merged_duration,min_merged_duration,merged_pr_metric,ratio,max_ratio,commit_developer_metric
othhotro,Roo.Exe,2.00,50592,50592,1.0,,,,,,,6324.0,6324.0,1.0
jeanropke,RDR2CollectorsMap,1.00,,,,773000,773000,1.0,,,,,,
axross,leetcode-typescript,0.98,48,50592,9.487666E-4,787000,773000,0.98221093,62666.668,0,0.0,6.0,6324.0,9.487666E-4
lightningnetwork,lnd,0.98,,,,792000,773000,0.9760101,,,,,,
pekkah,tanka-graphql,0.98,,,,791000,773000,0.977244,,,,,,
rikimaru0345,Ceras,0.97,,,,800000,773000,0.96625,,,,,,
vabs,indianstandups,0.97,,,,795000,773000,0.97232705,,,,,,
autotester-one,integration-tests-66152,0.96,,,,806000,773000,0.9590571,,,,,,
servo,rust-url,0.95,,,,811000,773000,0.95314425,,,,,,
swoft-cloud,swoft,0.95,,,,816000,773000,0.94730395,,,,,,
JuliaDocs,Documenter.jl,0.94,,,,819000,773000,0.94383395,,,,,,
hyperledger,aries-framework-go,0.91,,,,848000,773000,0.9115566,,,,,,
shanhongru,searchseo,0.91,,,,847000,773000,0.9126328,,,,,,
BCcampus,edehr,0.90,8,50592,1.5812776E-4,858000,773000,0.9009324,5000,0,0.0,1.0,6324.0,1.5812776E-4
TrashMonks,hagadias,0.90,16,50592,3.1625552E-4,855000,773000,0.90409356,,,,2.0,6324.0,3.1625552E-4
baihui212,tsharding,0.90,,,,862000,773000,0.89675176,,,,,,
denizakcal,SOEN341_Project,0.90,48,50592,9.487666E-4,859000,773000,0.89988357,14000,0,0.0,2.0,6324.0,3.1625552E-4
raysonfang,blog-comments,0.90,,,,861000,773000,0.8977933,,,,,,
scanny,python-pptx,0.90,,,,863000,773000,0.8957126,,,,,,
yaohungt,Multimodal-Transformer,0.90,,,,855000,773000,0.90409356,,,,,,
ICB-DCM,pyABC,0.89,24,50592,4.743833E-4,867000,773000,0.89158016,,,,3.0,6324.0,4.743833E-4
privacytoolsIO,privacytools.io,0.89,8,50592,1.5812776E-4,869000,773000,0.8895282,,,,1.0,6324.0,1.5812776E-4
scala,bug,0.89,,,,873000,773000,0.88545245,,,,,,
facebook,react-native,0.88,8,50592,1.5812776E-4,875000,773000,0.8834286,,,,1.0,6324.0,1.5812776E-4
osTicket,osTicket,0.88,,,,882000,773000,0.8764172,,,,,,
xfirefly,Airplay-SDK,0.87,,,,892000,773000,0.86659193,,,,,,
Adomikao,LEARNING-BOOK,0.86,8,50592,1.5812776E-4,894000,773000,0.8646532,,,,1.0,6324.0,1.5812776E-4
Purik,android-studio-docker,0.86,,,,900000,773000,0.85888886,,,,,,
TangoYankee,markdownlinks,0.86,,,,904000,773000,0.8550885,,,,,,
elmsln,HAXcms,0.86,,,,904000,773000,0.8550885,,,,,,
princeton-vl,CornerNet-Lite,0.85,,,,911000,773000,0.84851813,,,,,,
SharePoint,PnP-Provisioning-Schema,0.84,,,,923000,773000,0.83748645,,,,,,
Tcdian,keep,0.84,,,,916000,773000,0.84388644,,,,,,
j-t-s,COSC625-Software-Engineering-Project,0.84,24,50592,4.743833E-4,920000,773000,0.8402174,,,,3.0,6324.0,4.743833E-4
slimkrazy,python-google-places,0.84,,,,922000,773000,0.8383948,,,,,,
KurtBestor,Hitomi-Downloader-issues,0.83,,,,936000,773000,0.8258547,,,,,,
opensourceai,yolov3-tensorflow-cn,0.83,,,,933000,773000,0.82851017,,,,,,
cassiamartin,cloud_native_infrasec,0.82,,,,942000,773000,0.8205945,,,,,,
dalthviz,git_web_practice,0.81,152,50592,0.0030044275,958000,773000,0.80688936,,,,9.5,6324.0,0.0015022138
keyboardio,Kaleidoscope,0.81,,,,959000,773000,0.806048,,,,,,
diegoteca,ENRS,0.80,8,50592,1.5812776E-4,970500,773000,0.7964966,,,,1.0,6324.0,1.5812776E-4
liguangchang,go,0.80,,,,971000,773000,0.7960865,,,,,,
microsoft,vswhere,0.80,,,,963000,773000,0.8026999,,,,,,
swsnu,swppfall2019,0.80,,,,968000,773000,0.7985537,,,,,,
ZcashFoundation,zcash-fpga,0.79,,,,983000,773000,0.78636825,,,,,,
cloudflare,cf-terraforming,0.78,,,,989000,773000,0.78159755,,,,,,
fluttercommunity,flutter_google_places,0.78,,,,997000,773000,0.77532595,,,,,,
developer-learning,night-reading-go,0.77,,,,1007000,773000,0.76762664,,,,,,
istio,istio.io,0.77,,,,1006000,773000,0.76838964,,,,,,
pythonindia,inpycon2019-tasks,0.77,,,,1001000,773000,0.77222776,,,,,,
wwjjy,IQA-NR,0.77,,,,1004000,773000,0.7699203,,,,,,
artis3n,release-based-workflow,0.76,,,,1017000,773000,0.76007867,,,,,,
lamiaaZaghloul258,gitgit,0.76,,,,1020000,773000,0.75784314,,,,,,
mkleehammer,pyodbc,0.76,,,,1011000,773000,0.7645895,,,,,,
BlazinZzetti,ShadowPractice,0.75,,,,1036000,773000,0.746139,,,,,,
DataBiosphere,azul,0.75,8,50592,1.5812776E-4,1035000,773000,0.7468599,,,,1.0,6324.0,1.5812776E-4
MunchApp,munch-app,0.75,56,50592,0.0011068943,1029000,773000,0.75121474,126000,0,0.0,2.3333333,6324.0,3.689648E-4
developer-academy-pucpr,the-swift-programming-language-in-pt-br,0.75,8,50592,1.5812776E-4,1031666.7,773000,0.749273,61000,0,0.0,1.0,6324.0,1.5812776E-4
JuliaDiffEq,DiffEqGPU.jl,0.74,32,50592,6.3251104E-4,1042000,773000,0.7418426,,,,2.0,6324.0,3.1625552E-4
asbyth,Patcher,0.74,,,,1045000,773000,0.7397129,,,,,,
caiiiycuk,js-dos,0.74,,,,1038000,773000,0.7447013,,,,,,
serain,mailspoof,0.74,,,,1045000,773000,0.7397129,,,,,,
enpitut2019,CleanReminder,0.73,,,,1057400,773000,0.7310384,,,,,,
gitpod-io,gitpod,0.73,,,,1064000,773000,0.72650373,,,,,,
pysat,pysat,0.73,,,,1062000,773000,0.72787195,,,,,,
spatie,laravel-permission,0.73,,,,1056000,773000,0.73200756,,,,,,
Rdatatable,data.table,0.72,,,,1067000,773000,0.7244611,,,,,,
golang,go,0.72,,,,1070000,773000,0.72242993,,,,,,
java-deobfuscator,deobfuscator,0.72,,,,1073000,773000,0.72041005,,,,,,
0x5e,react-native-alipay,0.71,,,,1084000,773000,0.71309966,,,,,,
kubernetes,kubernetes,0.71,8,50592,1.5812776E-4,1094000,773000,0.70658135,,,,1.0,6324.0,1.5812776E-4
naver,pinpoint-docker,0.71,,,,1095000,773000,0.7059361,,,,,,
phpstan,phpstan-strict-rules,0.71,,,,1094000,773000,0.70658135,,,,,,
EvoSuite,evosuite,0.70,,,,1111000,773000,0.69576955,,,,,,
Joewn,Joewn.github.io,0.70,32,50592,6.3251104E-4,1112000,773000,0.6951439,,,,4.0,6324.0,6.3251104E-4
cthoyt,selventa-knowledge,0.70,,,,1098000,773000,0.70400727,,,,,,
matrix-org,synapse,0.70,,,,1112000,773000,0.6951439,,,,,,
viaduck,icu-cmake,0.70,,,,1108000,773000,0.6976534,,,,,,
xuliangzhan,vue-element-extends,0.70,,,,1107000,773000,0.6982837,,,,,,
HwiLu,blog-comments,0.69,,,,1115000,773000,0.69327354,,,,,,
TroyTae,game-of-life,0.69,8,50592,1.5812776E-4,1127250,773000,0.68573964,,,,1.0,6324.0,1.5812776E-4
gilmaimon,ArduinoWebsockets,0.69,,,,1121000,773000,0.6895629,,,,,,
nmxiaowei,avue,0.69,,,,1119000,773000,0.69079536,,,,,,
ros2,ros2cli,0.69,32,50592,6.3251104E-4,1120000,773000,0.6901786,595000,0,0.0,2.0,6324.0,3.1625552E-4
sonysuqin,WasmVideoPlayer,0.69,,,,1121000,773000,0.6895629,,,,,,
yhat,pandasql,0.69,,,,1119000,773000,0.69079536,,,,,,
yomete,notetaking-ui,0.69,,,,1123000,773000,0.6883348,,,,,,
20chan,cirno,0.68,,,,1135000,773000,0.6810573,,,,,,
jellyfin,jellyfin,0.68,,,,1138000,773000,0.67926186,,,,,,
salesforce,sloop,0.68,8,50592,1.5812776E-4,1134000,773000,0.68165785,152000,0,0.0,1.0,6324.0,1.5812776E-4
team-sosweet,Saucewich,0.68,8,50592,1.5812776E-4,1140500,773000,0.6777729,,,,1.0,6324.0,1.5812776E-4
233boy,v2ray,0.67,,,,1146000,773000,0.6745201,,,,,,
RE-SS3D,SS3D,0.67,,,,1155000,773000,0.6692641,,,,,,
yeguler,github-slideshow,0.67,,,,1153000,773000,0.670425,,,,,,
3b1b,manim,0.66,8,50592,1.5812776E-4,1166000,773000,0.6629503,,,,1.0,6324.0,1.5812776E-4
kubernetes-sigs,image-builder,0.66,,,,1167000,773000,0.6623822,,,,,,
long-war-2,lwotc,0.66,,,,1176000,773000,0.6573129,,,,,,
alibaba,canal,0.65,,,,1191000,773000,0.64903444,,,,,,
openjs-foundation,cross-project-council,0.65,,,,1183000,773000,0.6534235,,,,,,
sonata-project,SonataMediaBundle,0.65,,,,1196000,773000,0.64632106,,,,,,
drecken,twitchsubscribers.com,0.64,,,,1202000,773000,0.64309484,,,,,,
Coursemology,coursemology2,0.63,,,,1229000,773000,0.6289666,,,,,,
react-navigation,tabs,0.63,,,,1218000,773000,0.63464695,,,,,,
AlastairDagan,github-slideshow,0.62,,,,1237000,773000,0.62489897,,,,,,
jagrosh,MusicBot,0.62,,,,1250000,773000,0.6184,,,,,,
kon9chunkit,GitHub-Chinese-Top-Charts,0.62,,,,1244000,773000,0.62138265,,,,,,
prusa3d,PrusaSlicer,0.62,,,,1247000,773000,0.6198877,,,,,,
ValiantCat,XXShield,0.61,,,,1275000,773000,0.6062745,,,,,,
hasktorch,hasktorch,0.61,,,,1261500,773000,0.6127626,,,,,,
judesantos,laravue-crud,0.61,,,,1274000,773000,0.60675037,,,,,,
learningequality,kolibri-docs,0.61,,,,1277000,773000,0.605325,,,,,,
nefe,number-precision,0.61,,,,1272000,773000,0.6077044,,,,,,
open-webrtc-toolkit,owt-client-android,0.61,,,,1264000,773000,0.6115506,,,,,,
open-webrtc-toolkit,owt-client-javascript,0.61,8,50592,1.5812776E-4,1262000,773000,0.6125198,,,,1.0,6324.0,1.5812776E-4
James-Yu,LaTeX-Workshop,0.60,,,,1292000,773000,0.59829724,,,,,,
MVIG-SJTU,AlphaPose,0.60,,,,1281000,773000,0.6034348,,,,,,
PowerShell,PowerShell-Docker,0.60,,,,1285000,773000,0.6015564,,,,,,
RamiJ3mli,PercentageChartView,0.60,,,,1295000,773000,0.5969112,,,,,,
bcbcbcbcbcl,coursera-download-with-selenium,0.60,,,,1296000,773000,0.5964506,,,,,,
randy3k,radian,0.60,,,,1282000,773000,0.6029641,,,,,,
sequelpro,sequelpro,0.60,,,,1284000,773000,0.6020249,,,,,,
vesoft-inc,nebula,0.60,8,50592,1.5812776E-4,1284000,773000,0.6020249,,,,1.0,6324.0,1.5812776E-4
Mikeprod,FriendGroups,0.58,,,,1333000,773000,0.57989496,,,,,,
erikkaashoek,Tapr-VNA,0.58,,,,1325000,773000,0.58339626,,,,,,
stackchain,react-file-zone-manager,0.58,,,,1322333.4,773000,0.58457273,,,,,,
strixtherealm-rpg,Strix-The-Realm,0.58,,,,1342000,773000,0.57600594,,,,,,
tensorpack,tensorpack,0.58,,,,1326000,773000,0.58295625,,,,,,
OpenMobileAlliance,OMA_LwM2M_for_Developers,0.57,,,,1359000,773000,0.56880057,,,,,,
easystats,effectsize,0.57,16,50592,3.1625552E-4,1352000,773000,0.5717456,,,,2.0,6324.0,3.1625552E-4
foxlet,macOS-Simple-KVM,0.56,,,,1370000,773000,0.5642336,,,,,,
openl-tablets,openl-tablets,0.56,,,,1390000,773000,0.5561151,,,,,,
panu00x,TrainIssue,0.56,,,,1372600,773000,0.5631648,,,,,,
subiao,github-slideshow,0.56,8,50592,1.5812776E-4,1388000,773000,0.5569164,,,,1.0,6324.0,1.5812776E-4
AgaKhanFoundation,WCB,0.55,,,,1415000,773000,0.54628974,,,,,,
bids-standard,bids-validator,0.55,,,,1414000,773000,0.5466761,,,,,,
k0shk0sh,FastHub,0.55,,,,1412000,773000,0.5474504,,,,,,
solana-labs,solana,0.55,16,50592,3.1625552E-4,1397000,773000,0.5533286,,,,1.0,6324.0,1.5812776E-4
MiEcosystem,miot-plugin-sdk,0.54,,,,1423000,773000,0.54321855,,,,,,
Michaelvilleneuve,react-native-document-scanner,0.54,,,,1435000,773000,0.53867596,,,,,,
YuhuaXu,ImageMosaicing,0.54,,,,1439000,773000,0.5371786,,,,,,
alibaba,kt-connect,0.54,,,,1425000,773000,0.54245615,,,,,,
ashtkn,ExhibitionApp,0.54,,,,1419000,773000,0.5447498,,,,,,
baomidou,mybatis-plus,0.54,,,,1421000,773000,0.5439831,,,,,,
gewuzhao,HDFS-data-leakage-detection,0.54,,,,1425000,773000,0.54245615,,,,,,
mileusna,useragent,0.54,,,,1439000,773000,0.5371786,,,,,,
vinyldns,vinyldns,0.54,8,50592,1.5812776E-4,1423000,773000,0.54321855,,,,1.0,6324.0,1.5812776E-4
OpenSID,OpenSID,0.53,,,,1468000,773000,0.52656674,,,,,,
Tencent,weui.js,0.53,,,,1466000,773000,0.52728516,,,,,,
autotester-one,integration-tests-26181,0.53,,,,1465000,773000,0.52764505,,,,,,
danylo-macelai,virteca,0.53,40,50592,7.9063885E-4,1466000,773000,0.52728516,,,,5.0,6324.0,7.9063885E-4
marc-jellinek,AzureDataFactoryDemo_SqlSpSink,0.53,8,50592,1.5812776E-4,1464000,773000,0.5280055,,,,1.0,6324.0,1.5812776E-4
mikkeyboi,LabPrep,0.53,,,,1450000,773000,0.53310347,,,,,,
phil-bergmann,tracking_wo_bnw,0.53,,,,1449000,773000,0.53347135,,,,,,
rust-lang,rustfmt,0.53,8,50592,1.5812776E-4,1463000,773000,0.5283664,,,,1.0,6324.0,1.5812776E-4
thundernest,quicktext,0.53,,,,1447000,773000,0.5342087,,,,,,
xiyuan-fengyu,ppspider,0.53,,,,1447000,773000,0.5342087,,,,,,
BSData,horus-heresy,0.52,8,50592,1.5812776E-4,1498000,773000,0.5160214,,,,1.0,6324.0,1.5812776E-4
BradleyA,user-files,0.52,,,,1473000,773000,0.5247794,,,,,,
FengChenSunshine,UiStatus,0.52,,,,1496000,773000,0.51671124,,,,,,
ovn-org,ovn,0.52,,,,1482000,773000,0.52159244,,,,,,
AY1920S1-CS2113T-F09-3,main,0.51,,,,1520142.9,773000,0.50850487,,,,,,
headass5,3354-headass5,0.51,16,50592,3.1625552E-4,1523500,773000,0.5073843,2336000,0,0.0,1.0,6324.0,1.5812776E-4
itsadeadh2,starwars-b2w,0.51,80,50592,0.0015812777,1537500,773000,0.5027642,,,,10.0,6324.0,0.0015812777
keybase,client,0.51,24,50592,4.743833E-4,1528500,773000,0.50572455,,,,1.5,6324.0,2.3719165E-4
mrhappyma,Yorg.io-unlimited-jewels,0.51,40,50592,7.9063885E-4,1531000,773000,0.5048988,,,,5.0,6324.0,7.9063885E-4
opendecide,ngx-segment-analytics,0.51,,,,1529000,773000,0.5055592,,,,,,
parroty,extwitter,0.51,,,,1518000,773000,0.5092227,,,,,,
petkaantonov,bluebird,0.51,,,,1515000,773000,0.510231,,,,,,
Jigsaw-Code,outline-ss-server,0.50,,,,1554000,773000,0.497426,,,,,,
ProyectoIntegrador2018,dr_movil,0.50,,,,1535000,773000,0.5035831,,,,,,
alibaba,flutter_boost,0.50,,,,1553000,773000,0.4977463,,,,,,
ant-design,ant-design-pro,0.50,,,,1532000,773000,0.5045692,,,,,,
blocklang,page-designer,0.50,,,,1544000,773000,0.50064766,,,,,,
chineseGLUE,chineseGLUE,0.50,,,,1558000,773000,0.4961489,,,,,,
khnguyen94,potential_project1,0.50,16,50592,3.1625552E-4,1536818.1,773000,0.50298727,2444000,0,0.0,1.0,6324.0,1.5812776E-4
kubernetes,kops,0.50,,,,1541000,773000,0.5016223,,,,,,
AY1920S1-CS2103T-F13-4,main,0.49,,,,1590000,773000,0.48616353,,,,,,
CuppaLabs,angular2-multiselect-dropdown,0.49,,,,1591000,773000,0.48585796,,,,,,
MarimerLLC,cslaforum,0.49,,,,1590000,773000,0.48616353,,,,,,
bleachbit,bleachbit,0.49,,,,1569000,773000,0.49267048,,,,,,
etoumey,bodyStats,0.49,32,50592,6.3251104E-4,1589000,773000,0.48646948,5006000,0,0.0,2.0,6324.0,3.1625552E-4
faisaldwir,BC31,0.49,64,50592,0.0012650221,1602000,773000,0.48252186,23500,0,0.0,8.0,6324.0,0.0012650221
geotrellis,geotrellis-server,0.49,,,,1571000,773000,0.4920433,,,,,,
haxiomic,firefox-multi-touch-zoom,0.49,,,,1574000,773000,0.49110547,,,,,,
wutuanxiaoyu,blog-hexo,0.49,,,,1593000,773000,0.48524797,,,,,,
wuyr,RippleAnimation,0.49,,,,1584000,773000,0.48800504,,,,,,
Neha,javascript-projects,0.48,8,50592,1.5812776E-4,1627000,773000,0.47510755,,,,1.0,6324.0,1.5812776E-4
PanJiaChen,vue-element-admin,0.48,,,,1607000,773000,0.48102054,,,,,,
apcountryman,picolibrary,0.48,16,50592,3.1625552E-4,1597000,773000,0.48403257,41000,0,0.0,2.0,6324.0,3.1625552E-4
breadhead,next-app,0.48,,,,1602000,773000,0.48252186,,,,,,
chaostoolkit,chaostoolkit,0.48,,,,1607000,773000,0.48102054,,,,,,
xuanxiaodeyu,xuanxiaodeyu.github.io,0.48,,,,1599500,773000,0.483276,,,,,,
LianjiaTech,gson-plugin,0.47,,,,1660000,773000,0.46566266,,,,,,
MicrosoftDocs,architecture-center,0.47,,,,1662000,773000,0.4651023,,,,,,
TaleLin,lin-ui,0.47,,,,1643000,773000,0.47048083,,,,,,
X-Sharp,XSharpPublic,0.47,,,,1646000,773000,0.46962333,,,,,,
alibaba,nacos,0.47,,,,1648000,773000,0.4690534,,,,,,
autotester-one,integration-tests-1550,0.47,,,,1641000,773000,0.47105423,,,,,,
dddinphp,book-issues,0.47,,,,1658000,773000,0.46622437,,,,,,
facebook,docusaurus,0.47,,,,1661000,773000,0.4653823,,,,,,
jayjscotto,project-1,0.47,40,50592,7.9063885E-4,1649666.6,773000,0.4685795,124000,0,0.0,2.5,6324.0,3.9531942E-4
jkloverdcoi,jkloverdcoi.github.io,0.47,24,50592,4.743833E-4,1648500,773000,0.46891114,,,,3.0,6324.0,4.743833E-4
Autuan,autuan.github.io,0.46,16,50592,3.1625552E-4,1684000,773000,0.45902613,,,,2.0,6324.0,3.1625552E-4
GodChiken,StudyES6toNew,0.46,,,,1664000,773000,0.46454328,,,,,,
NCAR,VAPOR,0.46,16,50592,3.1625552E-4,1676000,773000,0.4612172,,,,2.0,6324.0,3.1625552E-4
astropy,astroquery,0.46,8,50592,1.5812776E-4,1695000,773000,0.4560472,,,,1.0,6324.0,1.5812776E-4
b3log,vditor,0.46,,,,1691000,773000,0.45712596,,,,,,
chronotruck,vue-ctk-date-time-picker,0.46,,,,1689000,773000,0.45766726,,,,,,
howie6879,owllook,0.46,,,,1695000,773000,0.4560472,,,,,,
rebronald,a_website,0.46,16,50592,3.1625552E-4,1672500,773000,0.46218237,,,,2.0,6324.0,3.1625552E-4
robfig,cron,0.46,,,,1695000,773000,0.4560472,,,,,,
ECCIUCRLQ,sensores-flamingoblack,0.45,8,50592,1.5812776E-4,1731000,773000,0.44656268,,,,1.0,6324.0,1.5812776E-4
ElectronNET,Electron.NET,0.45,,,,1715000,773000,0.45072886,,,,,,
addb-swstarlab,addb-lettuce,0.45,,,,1732000,773000,0.44630486,,,,,,
apache,incubator-druid,0.45,,,,1699000,773000,0.45497352,,,,,,
autotester-one,integration-tests-94027,0.45,,,,1705000,773000,0.45337245,,,,,,
bitnami,bitnami-docker-magento,0.45,,,,1717000,773000,0.45020384,,,,,,
fcovatti,libiec_iccp_mod,0.45,,,,1722000,773000,0.44889665,,,,,,
gary-kim,saspes,0.45,,,,1720000,773000,0.4494186,,,,,,
greenplum-db,gpdb,0.45,8,50592,1.5812776E-4,1705000,773000,0.45337245,215000,0,0.0,1.0,6324.0,1.5812776E-4
huskyroboticsteam,PY2020,0.45,8,50592,1.5812776E-4,1728000,773000,0.44733796,,,,1.0,6324.0,1.5812776E-4
illuspas,Node-Media-Server,0.45,,,,1702000,773000,0.45417157,,,,,,
xalanq,cf-tool,0.45,,,,1700000,773000,0.4547059,,,,,,
2574528025,github-slideshow,0.44,,,,1740000,773000,0.44425288,,,,,,
Piker-Alpha,ssdtPRGen.sh,0.44,,,,1751000,773000,0.441462,,,,,,
RoboJackets,apiary,0.44,,,,1770000,773000,0.43672317,,,,,,
TarlogicSecurity,mod_ringbuilder,0.44,,,,1757000,773000,0.43995446,,,,,,
ZanderZhao,zanderzhao.github.io,0.44,,,,1761000,773000,0.43895513,,,,,,
artis3n,oss-enterprise,0.44,,,,1746000,773000,0.44272622,,,,,,
awesome-jobs,vietnam,0.44,,,,1748000,773000,0.44221967,,,,,,
gogo,protobuf,0.44,,,,1750000,773000,0.4417143,,,,,,
msys2,MINGW-packages,0.44,,,,1775000,773000,0.43549296,,,,,,
Cenmrev,V2RayX,0.43,,,,1818000,773000,0.4251925,,,,,,
MichaIng,DietPi,0.43,,,,1800000,773000,0.42944443,,,,,,
apache,incubator-echarts,0.43,,,,1811000,773000,0.426836,,,,,,
grpc,grpc,0.43,,,,1810000,773000,0.4270718,,,,,,
hacker0limbo,my-blog,0.43,,,,1789000,773000,0.43208498,,,,,,
hushicai,hushicai.github.io,0.43,,,,1810000,773000,0.4270718,,,,,,
mythicrp,mythic_notify,0.43,,,,1812000,773000,0.42660046,,,,,,
Zettlr,Zettlr,0.42,,,,1825000,773000,0.42356163,,,,,,
artis3n,hello-github-actions,0.42,,,,1827000,773000,0.42309797,,,,,,
atomaka,psenv,0.42,40,50592,7.9063885E-4,1834000,773000,0.4214831,1232500,0,0.0,5.0,6324.0,7.9063885E-4
indygreg,PyOxidizer,0.42,,,,1830000,773000,0.42240438,,,,,,
isomorphism,these,0.42,,,,1851000,773000,0.4176121,,,,,,
measurabledatatoken,mymdt,0.42,16,50592,3.1625552E-4,1831333.4,773000,0.42209682,23000,0,0.0,2.0,6324.0,3.1625552E-4
open-webrtc-toolkit,owt-client-native,0.42,,,,1834000,773000,0.4214831,,,,,,
trustwallet,platform,0.42,,,,1861000,773000,0.41536808,,,,,,
yuanzhiyong123,blog,0.42,,,,1845000,773000,0.4189702,,,,,,
DysonLinDev,Next-Study,0.41,,,,1875571.4,773000,0.41214105,,,,,,
humanmade,core-sitemaps,0.41,,,,1878500,773000,0.41149855,,,,,,
wuxingzhong,gitalk-sw,0.41,,,,1870666.6,773000,0.41322166,,,,,,
EliasKotlyar,Xiaomi-Dafang-Hacks,0.40,,,,1934000,773000,0.39968976,,,,,,
ckan,ckan,0.40,,,,1910000,773000,0.40471205,,,,,,
nus-cs2103-AY1920S1,forum,0.40,,,,1930000,773000,0.40051815,,,,,,
sandiegodata-projects,downtown-partnership,0.40,,,,1942000,773000,0.39804325,,,,,,
vuejs,vue-cli,0.40,8,50592,1.5812776E-4,1935000,773000,0.3994832,,,,1.0,6324.0,1.5812776E-4
xavierdidelot,ClonalFrameML,0.40,,,,1939000,773000,0.3986591,,,,,,
Cazsius,Spice-of-Life-Carrot-Edition,0.39,,,,1982000,773000,0.3900101,,,,,,
FirebaseExtended,firebase-dart,0.39,,,,1995000,773000,0.38746867,,,,,,
Programmer-girl,study_test,0.39,,,,2002000,773000,0.38611388,,,,,,
agusibrahim,Aplikasi-PPOB-Xamarin,0.39,,,,1998000,773000,0.3868869,,,,,,
alibaba,vlayout,0.39,,,,2004000,773000,0.38572854,,,,,,
altair-viz,altair,0.39,,,,2005500,773000,0.38544005,,,,,,
bluerobotics,ping-protocol,0.39,,,,1960000,773000,0.39438775,,,,,,
crimx,ext-saladict,0.39,,,,1963000,773000,0.39378503,,,,,,
google,site-kit-wp,0.39,,,,1958000,773000,0.3947906,,,,,,
gvoze32,bebasid,0.39,,,,1967000,773000,0.39298424,,,,,,
kwugfighter,webhook-repo-2,0.39,,,,1971000,773000,0.3921867,,,,,,
tensorflow,tensorflow,0.39,104,50592,0.002055661,2024500,773000,0.38182268,,,,13.0,6324.0,0.002055661
tfo1,yes,0.39,,,,1990000,773000,0.38844222,,,,,,
tsauri,wrn-micronet,0.39,,,,2001000,773000,0.38630685,,,,,,
GemTalk,Jadeite,0.38,,,,2042000,773000,0.37855044,,,,,,
Spacetron9000,ekf_slam,0.38,,,,2059000,773000,0.37542495,,,,,,
microsoft,azure-pipelines-tasks,0.38,,,,2058000,773000,0.37560737,,,,,,
newrelic,nri-flex,0.38,,,,2020000,773000,0.38267326,,,,,,
vlachoudis,bCNC,0.38,,,,2036000,773000,0.379666,,,,,,
whynotearth,shinta-mani-wild,0.38,,,,2045000,773000,0.3779951,,,,,,
Azure,autorest.cli,0.37,,,,2087000,773000,0.37038812,,,,,,
DreamLee1997,problem,0.37,,,,2098000,773000,0.36844614,,,,,,
PyThaiNLP,pythainlp,0.37,56,50592,0.0011068943,2080000,773000,0.3716346,5081000,0,0.0,3.5,6324.0,5.534472E-4
agheha,trillion,0.37,24,50592,4.743833E-4,2114000,773000,0.3656575,,,,1.5,6324.0,2.3719165E-4
blastbots,new-brisque-leak,0.37,,,,2067000,773000,0.37397194,,,,,,
cooper,quiki,0.37,32,50592,6.3251104E-4,2085000,773000,0.3707434,,,,4.0,6324.0,6.3251104E-4
haxball,haxball-issues,0.37,,,,2085000,773000,0.3707434,,,,,,
impossibl,pgjdbc-ng,0.37,8,50592,1.5812776E-4,2118000,773000,0.36496696,,,,1.0,6324.0,1.5812776E-4
justinwoo,easy-purescript-nix,0.37,,,,2097000,773000,0.36862183,,,,,,
khramkov,Backtrader-MQL5-API,0.37,,,,2108000,773000,0.3666983,,,,,,
kubernetes,org,0.37,,,,2083000,773000,0.37109938,,,,,,
pyatl,pyatl,0.37,,,,2072000,773000,0.3730695,,,,,,
say8425,PongDang-API,0.37,16,50592,3.1625552E-4,2087000,773000,0.37038812,,,,2.0,6324.0,3.1625552E-4
soflyy,oxygen-bugs-and-features,0.37,,,,2070000,773000,0.37342995,,,,,,
soheil-khorram,DNN-based-speech-enhancement,0.37,,,,2104000,773000,0.36739543,,,,,,
ssi-anik,amqp,0.37,,,,2082000,773000,0.37127763,,,,,,
tweepy,tweepy,0.37,,,,2113000,773000,0.36583057,,,,,,
umijs,umi,0.37,24,50592,4.743833E-4,2075000,773000,0.37253013,2560000,0,0.0,3.0,6324.0,4.743833E-4
KnowledgeGarden,SimpleOpenSherlock,0.36,,,,2121666.8,773000,0.36433622,,,,,,
alibaba,MNN,0.36,,,,2161000,773000,0.35770476,,,,,,
altert,OpenseadragonFabricjsOverlay,0.36,,,,2170000,773000,0.3562212,,,,,,
file-icons,icons,0.36,,,,2123000,773000,0.3641074,,,,,,
thomaspinckney3,cs4501,0.36,,,,2124000,773000,0.36393598,,,,,,
uqbar-project,eg-apuestas-svelte,0.36,,,,2168000,773000,0.35654983,,,,,,
wesnoth,wesnoth,0.36,56,50592,0.0011068943,2164000,773000,0.35720888,,,,7.0,6324.0,0.0011068943
withlin,blog,0.36,,,,2124000,773000,0.36393598,,,,,,
yajra,laravel-datatables,0.36,,,,2142000,773000,0.3608777,,,,,,
GoChartingAdmin,Go-Charting,0.35,,,,2192000,773000,0.352646,,,,,,
NordicSemiconductor,pc-nrfutil,0.35,,,,2201000,773000,0.351204,,,,,,
PythonKoder,BitMexChaosTheoryBot,0.35,,,,2189000,773000,0.3531293,,,,,,
ZhengLinPing,vue-permission-admin,0.35,,,,2235000,773000,0.3458613,,,,,,
abpframework,abp,0.35,,,,2201000,773000,0.351204,,,,,,
antvis,g6,0.35,,,,2214000,773000,0.34914184,,,,,,
chenbinghui1,MHN,0.35,,,,2190000,773000,0.35296804,,,,,,
cse442-fall-2019-offering,442projects-the-boys,0.35,,,,2203000,773000,0.35088515,,,,,,
fairygui,FairyGUI-unity,0.35,,,,2204000,773000,0.35072595,,,,,,
giantbomb-extralife,giantbomb-extralife-nodecg,0.35,,,,2216000,773000,0.3488267,,,,,,
intel,mkl-dnn,0.35,,,,2215000,773000,0.3489842,,,,,,
kirankumardev,GLRT-Estimation,0.35,,,,2180000,773000,0.35458717,,,,,,
nhn,tui.calendar,0.35,,,,2226000,773000,0.34725967,,,,,,
smartystreets,smartystreets-go-sdk,0.35,,,,2232000,773000,0.34632617,,,,,,
Graylog2,graylog2-server,0.34,,,,2270000,773000,0.34052864,,,,,,
JeffGuKang,react-native-tutorial,0.34,,,,2266000,773000,0.34112975,,,,,,
KidsDontPlay,BlockDrops,0.34,,,,2283000,773000,0.33858958,,,,,,
ReactiveX,rxjs,0.34,,,,2243000,773000,0.34462774,,,,,,
azl397985856,fe-interview,0.34,,,,2292000,773000,0.33726004,,,,,,
dalek7,RaspberryPi,0.34,8,50592,1.5812776E-4,2282000,773000,0.33873793,,,,1.0,6324.0,1.5812776E-4
dotnet,docs.zh-cn,0.34,,,,2302000,773000,0.33579496,,,,,,
erickouassi,japhetfreeman.org,0.34,,,,2306000,773000,0.3352125,,,,,,
heyui,heyui,0.34,,,,2243000,773000,0.34462774,,,,,,
mojitoholic,pauldron,0.34,,,,2288000,773000,0.33784965,,,,,,
soulqw,Curtain,0.34,,,,2292000,773000,0.33726004,,,,,,
uber,h3-js,0.34,,,,2244000,773000,0.34447417,,,,,,
AY1920S1-CS2103-T16-3,main,0.33,,,,2349000,773000,0.3290762,,,,,,
Michel-liu,Michel-liu.github.io,0.33,40,50592,7.9063885E-4,2338500,773000,0.33055377,,,,5.0,6324.0,7.9063885E-4
OpenSourceMalaria,OSMSeries4Paper1,0.33,,,,2311000,773000,0.33448723,,,,,,
autotester-one,integration-tests-17879,0.33,,,,2376000,773000,0.3253367,,,,,,
boostorg,histogram,0.33,,,,2312000,773000,0.33434257,,,,,,
cathoderaydude,kioskControlPanel,0.33,8,50592,1.5812776E-4,2367000,773000,0.32657373,,,,1.0,6324.0,1.5812776E-4
codeforpdx,dwellingly_backend,0.33,,,,2365000,773000,0.3268499,,,,,,
ctt-gob-es,clienteafirma,0.33,,,,2349000,773000,0.3290762,,,,,,
felixhao28,JSCPP,0.33,,,,2325000,773000,0.33247313,,,,,,
gumgum,gg-ez-vp,0.33,8,50592,1.5812776E-4,2339000,773000,0.3304831,,,,1.0,6324.0,1.5812776E-4
hexojs,hexo-generator-sitemap,0.33,,,,2340000,773000,0.33034188,,,,,,
minsOne,minsOne.github.io,0.33,,,,2333000,773000,0.33133304,,,,,,
raspberrypi,firmware,0.33,,,,2325000,773000,0.33247313,,,,,,
tikv,tikv,0.33,,,,2328200,773000,0.33201614,,,,,,
wangguanan,Pytorch-Person-REID-Baseline-Bag-of-Tricks,0.33,,,,2322000,773000,0.33290267,,,,,,
zugzwang,bgv-homomorphic-encryption,0.33,,,,2334000,773000,0.3311911,,,,,,
FreeRDP,FreeRDP-WebConnect,0.32,,,,2419000,773000,0.31955352,,,,,,
HearyShen,gitalk-comments,0.32,,,,2402000,773000,0.32181516,,,,,,
Streamedian,html5_rtsp_player,0.32,,,,2421000,773000,0.31928954,,,,,,
apache,rocketmq,0.32,,,,2443000,773000,0.31641424,,,,,,
choppsv1,netconf,0.32,,,,2408000,773000,0.3210133,,,,,,
dwaring87,rtm-plugin-export,0.32,,,,2421000,773000,0.31928954,,,,,,
flowable,flowable-engine,0.32,,,,2433000,773000,0.31771475,,,,,,
pytorch,fairseq,0.32,8,50592,1.5812776E-4,2402000,773000,0.32181516,,,,1.0,6324.0,1.5812776E-4
standardnotes,forum,0.32,,,,2430500,773000,0.31804156,,,,,,
sunicy,go-lame,0.32,,,,2405000,773000,0.32141373,,,,,,
E-Kunt,zxgkTool,0.31,,,,2521000,773000,0.30662435,,,,,,
MiCode,Xiaomi_Kernel_OpenSource,0.31,,,,2482000,773000,0.31144238,,,,,,
OpenLiberty,open-liberty,0.31,8,50592,1.5812776E-4,2482000,773000,0.31144238,,,,1.0,6324.0,1.5812776E-4
Provenance-Emu,Provenance,0.31,,,,2520000,773000,0.30674604,,,,,,
Ruvinator,pokedex,0.31,,,,2470500,773000,0.31289214,,,,,,
aarifsk,github-upload,0.31,,,,2462000,773000,0.31397238,,,,,,
angular,components,0.31,,,,2496000,773000,0.3096955,,,,,,
azl397985856,leetcode,0.31,,,,2487000,773000,0.31081626,,,,,,
gateio,gateapi-python,0.31,,,,2490000,773000,0.31044176,,,,,,
gidodidi,BMBF,0.31,,,,2467000,773000,0.31333604,,,,,,
guptarohit,cryptoCMD,0.31,,,,2471000,773000,0.3128288,,,,,,
jiangxufeng,v2rayL,0.31,,,,2533000,773000,0.30517173,,,,,,
oxwhirl,smac,0.31,,,,2497000,773000,0.30957147,,,,,,
stellargraph,stellargraph,0.31,8,50592,1.5812776E-4,2481000,773000,0.3115679,,,,1.0,6324.0,1.5812776E-4
vitorgamer58,ArbitragemNacional,0.31,,,,2496000,773000,0.3096955,,,,,,
youth5201314,banner,0.31,,,,2477000,773000,0.31207106,,,,,,
zhaohmng,-21-,0.31,,,,2506000,773000,0.3084597,,,,,,
BetterThanTomorrow,calva,0.30,,,,2597000,773000,0.29765114,,,,,,
IceHacks,SurvivCheatInjector,0.30,,,,2589000,773000,0.29857087,,,,,,
JoshClose,CsvHelper,0.30,,,,2598000,773000,0.29753655,,,,,,
RoryMore,Cinnabun,0.30,,,,2582500,773000,0.29932237,,,,,,
ShaoZeMing,laravel-getui,0.30,,,,2562000,773000,0.3017174,,,,,,
a4k-openproject,plugin.video.openmeta,0.30,,,,2561000,773000,0.3018352,,,,,,
atfreaks,atfreaks-push-notification-backend,0.30,,,,2593400,773000,0.29806432,,,,,,
autotester-one,integration-tests-83106,0.30,,,,2545000,773000,0.3037328,,,,,,
autotester-one,integration-tests-85109,0.30,,,,2607666.8,773000,0.2964336,,,,,,
datacamp,RDocumentation-app,0.30,,,,2578000,773000,0.29984483,,,,,,
feiyuhuahuo,Yolact_minimal,0.30,,,,2588000,773000,0.29868624,,,,,,
inhere,php-validate,0.30,,,,2569000,773000,0.3008953,,,,,,
kwugfighter,webhook-repo,0.30,,,,2610000,773000,0.2961686,,,,,,
mcgrew,dwrandomizer,0.30,,,,2553000,773000,0.30278105,,,,,,
meiqi502,FE-2019,0.30,,,,2591000,773000,0.2983404,,,,,,
opencollective,documentation,0.30,8,50592,1.5812776E-4,2568000,773000,0.30101246,11000,0,0.0,1.0,6324.0,1.5812776E-4
pyviz,panel,0.30,,,,2556000,773000,0.30242565,,,,,,
smccarty,github-slideshow,0.30,,,,2535000,773000,0.30493096,,,,,,
sourcegraph,sourcegraph,0.30,104,50592,0.002055661,2619000,773000,0.29515082,477000,0,0.0,3.25,6324.0,5.1391526E-4
ubports,ubports-installer,0.30,,,,2547000,773000,0.3034943,,,,,,
uhiko512,UnityVolumetricFogDemo,0.30,,,,2607000,773000,0.2965094,,,,,,
w3c,did-spec,0.30,56,50592,0.0011068943,2640000,773000,0.29280302,,,,7.0,6324.0,0.0011068943
widestsky,AddressesAreSame,0.30,,,,2565000,773000,0.3013645,,,,,,
youzan,vant,0.30,,,,2612000,773000,0.2959418,,,,,,
ChasingWind98,ChasingWind98.github.io,0.29,16,50592,3.1625552E-4,2708500,773000,0.28539783,,,,2.0,6324.0,3.1625552E-4
Jexxie,TIL,0.29,,,,2637000,773000,0.29313615,,,,,,
StructureBuilder,react-keep-alive,0.29,,,,2657000,773000,0.29092962,,,,,,
ValleyAudio,ValleyRackFree,0.29,,,,2665000,773000,0.2900563,,,,,,
alexalayoung,record,0.29,,,,2685000,773000,0.2878957,,,,,,
alygin,vscode-tlaplus,0.29,,,,2699000,773000,0.28640237,,,,,,
brightmart,roberta_zh,0.29,,,,2627000,773000,0.294252,,,,,,
carbon-design-system,carbon,0.29,,,,2631000,773000,0.29380465,,,,,,
darkhandz,XPS15-9550-Mojave,0.29,,,,2637000,773000,0.29313615,,,,,,
dfs-with-r,coach,0.29,,,,2699000,773000,0.28640237,,,,,,
drtshock,Factions,0.29,8,50592,1.5812776E-4,2708000,773000,0.28545052,,,,1.0,6324.0,1.5812776E-4
igorkulman,iOSLocalizationEditor,0.29,,,,2653000,773000,0.29136828,,,,,,
microsoft,react-native-windows,0.29,,,,2648500,773000,0.29186332,,,,,,
tphinney,science-gothic,0.29,,,,2708000,773000,0.28545052,,,,,,
wszhxo,wszhxo.github.io,0.29,8,50592,1.5812776E-4,2674000,773000,0.28908002,,,,1.0,6324.0,1.5812776E-4
zekebarger,AccuSleep,0.29,40,50592,7.9063885E-4,2660000,773000,0.2906015,,,,5.0,6324.0,7.9063885E-4
GToad,Android_Anti_Debug,0.28,,,,2757000,773000,0.2803772,,,,,,
HydrologicEngineeringCenter,HEFS_Reader,0.28,8,50592,1.5812776E-4,2739000,773000,0.2822198,,,,1.0,6324.0,1.5812776E-4
IIC2333,foro-2019-2,0.28,,,,2755000,773000,0.28058076,,,,,,
OpenIDEA-YunanUniversity,ycimpute,0.28,,,,2722000,773000,0.28398237,,,,,,
TobiasFatzer,shanghaiProj,0.28,8,50592,1.5812776E-4,2734000,773000,0.2827359,,,,1.0,6324.0,1.5812776E-4
appcompattester02,Test01,0.28,,,,2756000,773000,0.28047895,,,,,,
bahdah,forest,0.28,,,,2799000,773000,0.27617007,,,,,,
beego,bee,0.28,,,,2719000,773000,0.2842957,,,,,,
checkpoint-restore,criu,0.28,,,,2807000,773000,0.27538297,,,,,,
huri000,SwiftEntryKit,0.28,,,,2779000,773000,0.27815762,,,,,,
kamilkisiela,graphql-inspector,0.28,24,50592,4.743833E-4,2793000,773000,0.27676335,41333.332,0,0.0,3.0,6324.0,4.743833E-4
kelseycreel,solar-system,0.28,8,50592,1.5812776E-4,2725333.2,773000,0.28363502,6000,0,0.0,1.0,6324.0,1.5812776E-4
kenny-designs,Robot-Projects,0.28,32,50592,6.3251104E-4,2727000,773000,0.2834617,133000,0,0.0,2.0,6324.0,3.1625552E-4
kiriharat-bizsys,book-stand,0.28,,,,2730500,773000,0.28309834,,,,,,
linbingchen,--Django,0.28,,,,2750000,773000,0.28109092,,,,,,
minbaowang,SSeffects,0.28,,,,2748000,773000,0.28129548,,,,,,
moment,moment,0.28,,,,2744000,773000,0.28170553,,,,,,
ninalx,table2vec-lideng,0.28,,,,2755000,773000,0.28058076,,,,,,
ofuochi,node-typescript-boilerplate,0.28,,,,2718000,773000,0.28440028,,,,,,
prometheus,prometheus,0.28,8,50592,1.5812776E-4,2721000,773000,0.28408673,,,,1.0,6324.0,1.5812776E-4
systemd,systemd,0.28,,,,2753000,773000,0.2807846,,,,,,
uboslinux,ubos-mastodon,0.28,,,,2761000,773000,0.27997103,,,,,,
vsouza,awesome-ios,0.28,,,,2792000,773000,0.27686247,,,,,,
Andrefer1,frontend-battleclass,0.27,8,50592,1.5812776E-4,2882000,773000,0.26821652,,,,1.0,6324.0,1.5812776E-4
Jjlot,Jide,0.27,,,,2847000,773000,0.27151388,,,,,,
STAT545-UBC-hw-2019-20,stat545-hw-xiaoyuanf,0.27,,,,2829000,773000,0.27324143,,,,,,
devpointlabs,Fall19TerraNova,0.27,,,,2914000,773000,0.2652711,,,,,,
dreamstalker,rehlds,0.27,,,,2861000,773000,0.27018526,,,,,,
enyo,dropzone,0.27,,,,2854000,773000,0.27084795,,,,,,
guoxunbo,client,0.27,8,50592,1.5812776E-4,2919666.8,773000,0.26475626,,,,1.0,6324.0,1.5812776E-4
jackiedao,github-slideshow,0.27,,,,2850000,773000,0.27122808,,,,,,
lotosbin,lotosbin.github.io,0.27,8,50592,1.5812776E-4,2862000,773000,0.27009085,,,,1.0,6324.0,1.5812776E-4
maxitg,SetReplace,0.27,,,,2896181.8,773000,0.26690313,,,,,,
maxlicheng,luci-app-unblockmusic,0.27,,,,2848500,773000,0.2713709,,,,,,
nettofarah,axios-vcr,0.27,,,,2882000,773000,0.26821652,,,,,,
spatie,laravel-model-states,0.27,,,,2914000,773000,0.2652711,,,,,,
swsnu,swpp2019-team16,0.27,,,,2822250,773000,0.27389494,,,,,,
xiao-mianyang,work,0.27,,,,2855000,773000,0.27075306,,,,,,
Automattic,wp-calypso,0.26,,,,2990000,773000,0.25852844,,,,,,
IlchaeJung,RT-MDNet,0.26,,,,2928000,773000,0.26400274,,,,,,
JohnVinyard,annotate-api,0.26,16,50592,3.1625552E-4,2984000,773000,0.25904825,,,,2.0,6324.0,3.1625552E-4
MingXueXu,balabala,0.26,8,50592,1.5812776E-4,2926000,773000,0.2641832,,,,1.0,6324.0,1.5812776E-4
adafruit,Adafruit_MQTT_Library,0.26,,,,2977000,773000,0.25965738,,,,,,
adventuresinML,adventures-in-ml-code,0.26,,,,3002000,773000,0.25749502,,,,,,
alibaba,fish-redux,0.26,,,,2970000,773000,0.26026937,,,,,,
baldurk,renderdoc,0.26,,,,2990000,773000,0.25852844,,,,,,
beomgujung,YaSaJa,0.26,,,,2943000,773000,0.26265717,,,,,,
dcloudio,uni-app,0.26,,,,2942000,773000,0.26274642,,,,,,
despo,issuehub.io,0.26,,,,2996000,773000,0.2580107,,,,,,
extremecoders-re,bytecode_simplifier,0.26,,,,3022000,773000,0.25579086,,,,,,
kanboard,kanboard,0.26,,,,2918000,773000,0.26490748,,,,,,
microsoft,com-rs,0.26,,,,3019000,773000,0.25604504,,,,,,
nash90,medical-app-frontend,0.26,,,,2941000,773000,0.26283577,,,,,,
opsnull,follow-me-install-kubernetes-cluster,0.26,,,,2951000,773000,0.2619451,,,,,,
tootsuite,mastodon,0.26,16,50592,3.1625552E-4,3002000,773000,0.25749502,,,,2.0,6324.0,3.1625552E-4
wysohn,TriggerReactor,0.26,,,,2936000,773000,0.26328337,,,,,,
zq1997,deepin-wine,0.26,,,,2981000,773000,0.25930896,,,,,,
CollabCodeTech,collabcodetraining-frontend,0.25,16,50592,3.1625552E-4,3075000,773000,0.2513821,182000,0,0.0,2.0,6324.0,3.1625552E-4
DevExpress,testcafe,0.25,,,,3038000,773000,0.2544437,,,,,,
JasperFx,lamar,0.25,,,,3057000,773000,0.25286227,,,,,,
Love-H,Gitalk,0.25,,,,3056000,773000,0.25294504,,,,,,
OrchardCMS,OrchardCore,0.25,,,,3077000,773000,0.2512187,,,,,,
UrbanDiction,alphabeticalList,0.25,,,,3098000,773000,0.24951582,,,,,,
bretonjustin,S5_PROJET,0.25,16,50592,3.1625552E-4,3109000,773000,0.248633,,,,1.0,6324.0,1.5812776E-4
cryptape,first-forever-demo,0.25,,,,3123000,773000,0.2475184,,,,,,
cypress-io,cypress,0.25,,,,3077500,773000,0.2511779,,,,,,
dainnovation722,paper,0.25,,,,3126000,773000,0.24728087,,,,,,
drone,drone-runtime,0.25,,,,3096000,773000,0.249677,,,,,,
guimeisang,react-mind,0.25,8,50592,1.5812776E-4,3046000,773000,0.25377545,,,,1.0,6324.0,1.5812776E-4
lamiaaZaghloul258,dfvfdfdfdf,0.25,,,,3142000,773000,0.24602164,,,,,,
littleflute,weixin,0.25,,,,3135000,773000,0.24657097,,,,,,
midudev,el-frontend-del-futuro,0.25,,,,3119000,773000,0.24783584,,,,,,
nathancrjackson,ps-o365-group-sync,0.25,,,,3146000,773000,0.24570884,,,,,,
philusnarh,pneumonia_project,0.25,,,,3096000,773000,0.249677,,,,,,
plaid,react-plaid-link,0.25,,,,3080000,773000,0.25097403,,,,,,
spring-projects,spring-boot,0.25,,,,3045000,773000,0.25385877,,,,,,
techlahoma,user-groups,0.25,,,,3076000,773000,0.2513004,,,,,,
Cosmic-Cryptid-Games,GrowingDepths,0.24,,,,3227000,773000,0.23954137,,,,,,
LoneDev6,ItemsAdder,0.24,,,,3224000,773000,0.23976427,,,,,,
MicrosoftDocs,powerbi-docs,0.24,,,,3207000,773000,0.24103524,,,,,,
PT-83,milestonehackers-functions,0.24,16,50592,3.1625552E-4,3189000,773000,0.24239573,,,,2.0,6324.0,3.1625552E-4
Pirey96,Project-341,0.24,8,50592,1.5812776E-4,3263500,773000,0.23686226,,,,1.0,6324.0,1.5812776E-4
Sayi,poi-tl,0.24,,,,3187000,773000,0.24254785,,,,,,
Sym123Blue,GitHubQAAutomation468f2312-1403-4728-b8cd-5f6513a63716,0.24,,,,3274000,773000,0.23610263,,,,,,
ValveSoftware,halflife,0.24,,,,3221000,773000,0.23998758,,,,,,
YunYang1994,pytorch-yolact,0.24,,,,3178000,773000,0.24323474,,,,,,
ZeroK-RTS,CrashReports,0.24,,,,3172000,773000,0.24369483,,,,,,
autotester-one,integration-tests-36583,0.24,,,,3256000,773000,0.23740786,,,,,,
dtolnay,thiserror,0.24,,,,3253000,773000,0.2376268,,,,,,
fluent,fluentd,0.24,,,,3185000,773000,0.24270016,,,,,,
ladybirdweb,agora-invoicing-community,0.24,,,,3172000,773000,0.24369483,,,,,,
mohancm,mediatek-oreo-kernel,0.24,,,,3175000,773000,0.24346457,,,,,,
nichoth,clips,0.24,,,,3252000,773000,0.23769988,,,,,,
palantir,conjure-java-runtime-api,0.24,16,50592,3.1625552E-4,3204000,773000,0.24126093,,,,1.0,6324.0,1.5812776E-4
patrickcapriola,patrickcapriola,0.24,,,,3196000,773000,0.24186483,,,,,,
rszimm,sprinklers_pi,0.24,,,,3267000,773000,0.2366085,,,,,,
scholarslab,Neatline,0.24,,,,3209000,773000,0.240885,,,,,,
softwarespartan,IB4m,0.24,,,,3164000,773000,0.244311,,,,,,
sourcegraph,src-expose-demo,0.24,8,50592,1.5812776E-4,3236000,773000,0.23887515,,,,1.0,6324.0,1.5812776E-4
view-design,ViewUI,0.24,,,,3222000,773000,0.23991309,,,,,,
33cn,plugin,0.23,,,,3399000,773000,0.22741982,,,,,,
AstraZeneca-NGS,VarDictJava,0.23,,,,3422000,773000,0.22589129,,,,,,
MrSunflowers,Blog_gitalk,0.23,8,50592,1.5812776E-4,3432000,773000,0.2252331,,,,1.0,6324.0,1.5812776E-4
UrbanDiction,definitionsService,0.23,,,,3428000,773000,0.22549592,,,,,,
YutaroHayakawa,ipftrace,0.23,,,,3419500,773000,0.22605644,,,,,,
aidlearning,AidLearning-FrameWork,0.23,,,,3351000,773000,0.23067741,,,,,,
airyland,vux,0.23,,,,3377000,773000,0.22890139,,,,,,
altmp,altv,0.23,,,,3415000,773000,0.22635432,,,,,,
autotester-one,integration-tests-23429,0.23,,,,3434000,773000,0.22510192,,,,,,
clearlinux,clr-installer,0.23,,,,3420000,773000,0.22602339,,,,,,
cyberbotics,webots_ros2,0.23,,,,3351000,773000,0.23067741,,,,,,
cybozu-go,neco,0.23,,,,3307000,773000,0.2337466,,,,,,
domsgit,blog,0.23,,,,3369000,773000,0.22944494,,,,,,
flutter,website,0.23,,,,3395000,773000,0.22768778,,,,,,
input-output-hk,shelley-testnet,0.23,,,,3420000,773000,0.22602339,,,,,,
intersystems-community,developer-community,0.23,,,,3366500,773000,0.22961533,,,,,,
lavr,python-emails,0.23,,,,3299000,773000,0.23431343,,,,,,
mjskay,tidybayes,0.23,,,,3298000,773000,0.23438448,,,,,,
mregni,EmbyStat,0.23,,,,3417000,773000,0.22622183,,,,,,
nkolot,SPIN,0.23,,,,3363000,773000,0.2298543,,,,,,
solid,folder-pane,0.23,,,,3394000,773000,0.22775486,,,,,,
testing-library,dom-testing-library,0.23,8,50592,1.5812776E-4,3434000,773000,0.22510192,,,,1.0,6324.0,1.5812776E-4
traPtitech,booQ,0.23,8,50592,1.5812776E-4,3418000,773000,0.22615565,,,,1.0,6324.0,1.5812776E-4
webhintio,scan-issues,0.23,,,,3392500,773000,0.22785556,,,,,,
xialeistudio,xialeistudio.github.io,0.23,,,,3386000,773000,0.22829297,,,,,,
xoofx,UnityNuGet,0.23,,,,3326000,773000,0.23241131,,,,,,
youdao-ai,SRNet,0.23,,,,3405500,773000,0.22698575,,,,,,
APSIMInitiative,ApsimX,0.22,,,,3446000,773000,0.22431806,,,,,,
AY1920S1-CS2103T-T17-1,main,0.22,,,,3445500,773000,0.2243506,,,,,,
KeckObservatoryArchive,data-evaluation-and-processing,0.22,,,,3440500,773000,0.22467664,,,,,,
MaikeBezerra,RunHappy,0.22,16,50592,3.1625552E-4,3529000,773000,0.21904223,328000,0,0.0,2.0,6324.0,3.1625552E-4
MicrosoftDocs,edge-developer,0.22,,,,3559000,773000,0.21719584,,,,,,
Olical,react-faux-dom,0.22,,,,3473000,773000,0.22257414,,,,,,
OpenCollarTeam,OpenCollar,0.22,,,,3521000,773000,0.21953991,,,,,,
Rattenking,rattenking.github.io,0.22,,,,3586000,773000,0.21556051,,,,,,
RiderExMachina,bestdistroforme,0.22,96,50592,0.0018975332,3571000,773000,0.21646598,10000,0,0.0,12.0,6324.0,0.0018975332
Sevaarcen,RADAR,0.22,8,50592,1.5812776E-4,3501000,773000,0.22079405,,,,1.0,6324.0,1.5812776E-4
autotester-one,integration-tests-82352,0.22,,,,3505333.2,773000,0.2205211,,,,,,
binux,pyspider,0.22,,,,3564000,773000,0.21689114,,,,,,
eip-work,kuboard-press,0.22,,,,3555000,773000,0.21744022,,,,,,
fulei3517,MIT-,0.22,,,,3534000,773000,0.21873231,,,,,,
gfwlist,gfwlist,0.22,,,,3481000,773000,0.22206263,,,,,,
igvteam,igv.js,0.22,,,,3594000,773000,0.2150807,,,,,,
ipcjs,bilibili-helper,0.22,,,,3530500,773000,0.21894915,,,,,,
jiafu1115,geek_netty,0.22,,,,3535000,773000,0.21867044,,,,,,
michaelherold,interactor-contracts,0.22,40,50592,7.9063885E-4,3542000,773000,0.21823828,919500,0,0.0,5.0,6324.0,7.9063885E-4
microsoft,o365-moodle,0.22,,,,3515000,773000,0.21991464,,,,,,
psmass,MM-S5-Gateway,0.22,,,,3593000,773000,0.21514055,,,,,,
snipe,snipe-it,0.22,,,,3551000,773000,0.21768516,,,,,,
ubccpsc,classy,0.22,,,,3444000,773000,0.22444832,,,,,,
xiangfademao,PinYinImeDicBuilder,0.22,,,,3554000,773000,0.2175014,,,,,,
yinjiesg,github-slideshow,0.22,,,,3592000,773000,0.21520044,,,,,,
edward-ganuelas,edward-g.me,0.21,40,50592,7.9063885E-4,3655500,773000,0.21146218,6000,0,0.0,5.0,6324.0,7.9063885E-4
mobigen,IRIS-BigData-Platform,0.21,,,,3608000,773000,0.21424612,,,,,,
apache,incubator-doris,0.20,8,50592,1.5812776E-4,3889000,773000,0.19876575,,,,1.0,6324.0,1.5812776E-4
estebanespinoza24,personal-blog,0.20,56,50592,0.0011068943,3829000,773000,0.20188038,295500,0,0.0,7.0,6324.0,0.0011068943
rancher,rancher,0.20,8,50592,1.5812776E-4,3835666.8,773000,0.2015295,,,,1.0,6324.0,1.5812776E-4
returntocorp,bento,0.20,8,50592,1.5812776E-4,3882333.2,773000,0.19910707,,,,1.0,6324.0,1.5812776E-4
sibbay-ai,feedback,0.20,,,,3933500,773000,0.1965171,,,,,,
Snipaste,feedback,0.19,,,,4004500,773000,0.19303283,,,,,,
loganthomas,Python_Practice,0.19,72,50592,0.00142315,4126666.8,773000,0.18731825,71333.336,0,0.0,9.0,6324.0,0.00142315
michaeltorres1,WiRR,0.19,32,50592,6.3251104E-4,4022000,773000,0.19219294,426000,0,0.0,2.0,6324.0,3.1625552E-4
susanBuck,e28-fall19,0.19,,,,4003000,773000,0.19310518,,,,,,
woocommerce,woocommerce-admin,0.19,8,50592,1.5812776E-4,4171000,773000,0.18532726,,,,1.0,6324.0,1.5812776E-4
CatoThe1stElder,WFRP-4th-Edition-FoundryVTT,0.18,8,50592,1.5812776E-4,4405000,773000,0.1754824,,,,1.0,6324.0,1.5812776E-4
ant-design,ant-design,0.18,8,50592,1.5812776E-4,4229500,773000,0.18276392,,,,1.0,6324.0,1.5812776E-4
autotester-one,integration-tests-59523,0.18,,,,4343000,773000,0.17798756,,,,,,
autotester-one,integration-tests-84634,0.18,,,,4406666.5,773000,0.17541604,,,,,,
chainer,chainer,0.18,,,,4274333.5,773000,0.18084691,,,,,,
danielcondemarin,serverless-next.js,0.18,,,,4397000,773000,0.17580168,,,,,,
eclipse,paho.mqtt.golang,0.18,,,,4415000,773000,0.17508493,,,,,,
gch1p,sketchtrial,0.18,,,,4347000,773000,0.17782378,,,,,,
hanwckf,rt-n56u,0.18,,,,4408000,773000,0.17536297,,,,,,
jako-hub,jakos-website,0.18,,,,4380000,773000,0.17648402,,,,,,
knative,docs,0.18,,,,4223500,773000,0.18302356,,,,,,
ladybug-tools,ladybug,0.18,,,,4357000,773000,0.17741565,,,,,,
zyadelgohary,QConnect,0.18,,,,4381000,773000,0.17644374,,,,,,
1Hive,dandelion-org,0.17,,,,4682000,773000,0.16510038,,,,,,
A-Bast,CS498ABET,0.17,,,,4487500,773000,0.17225626,,,,,,
Azure,azure-cli,0.17,24,50592,4.743833E-4,4599000,773000,0.16808002,,,,3.0,6324.0,4.743833E-4
Azure,azure-rest-api-specs,0.17,64,50592,0.0012650221,4480000,773000,0.17254464,,,,1.1428572,6324.0,1.8071744E-4
FRRouting,frr,0.17,,,,4586000,773000,0.16855648,,,,,,
GPUOpen-LibrariesAndSDKs,Radeon-ReLive-VR,0.17,,,,4657000,773000,0.16598669,,,,,,
MagnusBai,notes,0.17,,,,4457000,773000,0.17343505,,,,,,
OpenFlutter,fluwx,0.17,,,,4608000,773000,0.16775173,,,,,,
agracio,electron-edge-js-quick-start,0.17,,,,4442000,773000,0.17402071,,,,,,
aka-katto,dandere2x,0.17,,,,4565000,773000,0.16933188,,,,,,
apollographql,graphql-subscriptions,0.17,,,,4605000,773000,0.16786101,,,,,,
aspnet,AspNetCore.Docs,0.17,8,50592,1.5812776E-4,4477500,773000,0.17264098,,,,1.0,6324.0,1.5812776E-4
ayun2001,github-slideshow,0.17,8,50592,1.5812776E-4,4524500,773000,0.17084761,,,,1.0,6324.0,1.5812776E-4
bassguitarbill,tardigrame,0.17,,,,4573000,773000,0.16903564,,,,,,
boidacarapreta,phaser3,0.17,,,,4628000,773000,0.16702679,,,,,,
ccrisan,motioneyeos,0.17,,,,4567000,773000,0.16925772,,,,,,
chrmarti,testissues,0.17,,,,4656750,773000,0.1659956,,,,,,
classiebit,eventmie,0.17,,,,4656000,773000,0.16602233,,,,,,
convergencias,selo-convergente,0.17,,,,4527500,773000,0.1707344,,,,,,
dielyian,github-slideshow,0.17,,,,4439000,773000,0.17413832,,,,,,
doubleQ2018,Deep-learning-for-contact_map_v2,0.17,,,,4459000,773000,0.17335725,,,,,,
emmahodcroft,cluster-picker-and-cluster-matcher,0.17,,,,4540000,773000,0.17026432,,,,,,
fezrestia,web-view-window,0.17,,,,4468500,773000,0.1729887,,,,,,
firebase,firebase-ios-sdk,0.17,32,50592,6.3251104E-4,4576500,773000,0.16890638,,,,2.0,6324.0,3.1625552E-4
firebase,firebase-js-sdk,0.17,,,,4625000,773000,0.16713513,,,,,,
gobby,libinfinity,0.17,,,,4618000,773000,0.16738848,,,,,,
google,iree,0.17,64,50592,0.0012650221,4484500,773000,0.1723715,,,,4.0,6324.0,6.3251104E-4
izhangzhihao,intellij-rainbow-brackets,0.17,,,,4684000,773000,0.16502988,,,,,,
jacksonliam,mjpg-streamer,0.17,,,,4651000,773000,0.16620082,,,,,,
jaredsmorgan,smART,0.17,,,,4494000,773000,0.17200711,,,,,,
kembolanh,kembo,0.17,,,,4428000,773000,0.17457092,,,,,,
mccorby,PhotoLabellerServer,0.17,,,,4590000,773000,0.16840959,,,,,,
merely-useful,merely-useful.github.io,0.17,,,,4486000,773000,0.17231387,,,,,,
microsoft,vscode,0.17,16,50592,3.1625552E-4,4661250,773000,0.16583535,,,,1.0,6324.0,1.5812776E-4
microsoft,vscode-cordova,0.17,,,,4572000,773000,0.16907261,,,,,,
milvus-io,milvus-sdk-java,0.17,,,,4677000,773000,0.16527689,,,,,,
openiddict,openiddict-core,0.17,,,,4479000,773000,0.17258316,,,,,,
openresty,openresty,0.17,,,,4669000,773000,0.16556008,,,,,,
pujiaxin33,JXCategoryView,0.17,,,,4590000,773000,0.16840959,,,,,,
pytest-dev,pluggy,0.17,,,,4569000,773000,0.16918363,,,,,,
qaqcxh,qaqcxh.github.io,0.17,24,50592,4.743833E-4,4707000,773000,0.16422349,,,,3.0,6324.0,4.743833E-4
rlichiere,shipan,0.17,8,50592,1.5812776E-4,4617000,773000,0.16742474,,,,1.0,6324.0,1.5812776E-4
seata,seata,0.17,16,50592,3.1625552E-4,4609000,773000,0.16771534,,,,1.0,6324.0,1.5812776E-4
shohey1226,Wazari,0.17,,,,4615000,773000,0.16749729,,,,,,
sile,readings,0.17,,,,4669000,773000,0.16556008,,,,,,
stencila,designa,0.17,,,,4449000,773000,0.17374691,,,,,,
teacherfund,TeacherFund_next,0.17,,,,4599000,773000,0.16808002,,,,,,
telus,tds-core,0.17,,,,4594000,773000,0.16826296,,,,,,
theislab,anndata,0.17,,,,4452000,773000,0.17362984,,,,,,
umputun,remark,0.17,,,,4618000,773000,0.16738848,,,,,,
violin-wang,gatsby-workshop-jsconf-cn,0.17,,,,4672000,773000,0.16545376,,,,,,
waruqi,tboox.github.io,0.17,,,,4625000,773000,0.16713513,,,,,,
yugabyte,yugabyte-db,0.17,8,50592,1.5812776E-4,4651000,773000,0.16620082,,,,1.0,6324.0,1.5812776E-4
zhiyicx,test-group-worker-forum,0.17,,,,4432000,773000,0.17441335,,,,,,
649453932,Chinese-Text-Classification-Pytorch,0.16,,,,4859000,773000,0.15908623,,,,,,
AlphaWallet,TokenScript,0.16,24,50592,4.743833E-4,4981000,773000,0.15518972,,,,3.0,6324.0,4.743833E-4
BillPetti,baseballr,0.16,,,,4911000,773000,0.15740176,,,,,,
C2015,child-growing-pains,0.16,,,,4906000,773000,0.15756217,,,,,,
CAD97,str-index,0.16,80,50592,0.0015812777,4969000,773000,0.1555645,,,,10.0,6324.0,0.0015812777
CS3398-Gorns-Transformers,CS3398-Gorns-F2019,0.16,,,,4892000,773000,0.15801308,,,,,,
CodaProtocol,coda,0.16,104,50592,0.002055661,4826000,773000,0.16017406,927000,0,0.0,2.1666667,6324.0,3.4261018E-4
EDDYCJY,go-gin-example,0.16,,,,4784000,773000,0.16158026,,,,,,
Flood-With-Friends,Floods,0.16,8,50592,1.5812776E-4,4898000,773000,0.15781952,,,,1.0,6324.0,1.5812776E-4
HardlyDifficult,eth-gas-costs,0.16,8,50592,1.5812776E-4,4827000,773000,0.16014087,,,,1.0,6324.0,1.5812776E-4
HeathWang,HWPanModal,0.16,,,,4829000,773000,0.16007455,,,,,,
Homebrew,homebrew-core,0.16,72,50592,0.00142315,4832333.5,773000,0.15996413,,,,4.5,6324.0,7.11575E-4
Lora-net,lora_gateway,0.16,,,,4792000,773000,0.16131052,,,,,,
MasatoMakino,threejs-postprocess,0.16,,,,4781000,773000,0.16168165,,,,,,
Morning-UI,morning-ui,0.16,,,,4973500,773000,0.15542375,,,,,,
NG-ZORRO,ng-zorro-antd,0.16,,,,4853000,773000,0.15928292,,,,,,
Naver-AI-Hackathon,AI-Speech,0.16,,,,4896000,773000,0.15788399,,,,,,
PySimpleGUI,PySimpleGUI,0.16,,,,4732000,773000,0.16335587,,,,,,
Ricks-Lab,amdgpu-utils,0.16,16,50592,3.1625552E-4,4829000,773000,0.16007455,,,,2.0,6324.0,3.1625552E-4
STAT545-UBC-hw-2019-20,stat545-hw-kristinawright,0.16,,,,4748000,773000,0.1628054,,,,,,
SaemonMoki,ExtendedAnimals,0.16,,,,4784000,773000,0.16158026,,,,,,
SamuelGong,MIPSAssemblerAndDisassembler,0.16,,,,4867000,773000,0.15882474,,,,,,
ShabadOS,database,0.16,,,,4837000,773000,0.1598098,,,,,,
Templarian,MaterialDesign,0.16,,,,4987000,773000,0.15500301,,,,,,
actions,toolkit,0.16,,,,4828500,773000,0.16009113,,,,,,
aquasecurity,kube-hunter,0.16,,,,4824000,773000,0.16024047,,,,,,
babel,gulp-babel,0.16,,,,4889000,773000,0.15811004,,,,,,
bigbinary,wheel,0.16,,,,4822500,773000,0.1602903,,,,,,
cherryWood55,Quiz-Game,0.16,8,50592,1.5812776E-4,4730000,773000,0.16342495,,,,1.0,6324.0,1.5812776E-4
dotnet,roslyn,0.16,40,50592,7.9063885E-4,4910000,773000,0.15743381,,,,2.5,6324.0,3.9531942E-4
ebeshero,DHClass-Hub,0.16,16,50592,3.1625552E-4,4982000,773000,0.15515856,,,,2.0,6324.0,3.1625552E-4
endless-sky,endless-sky,0.16,,,,4906000,773000,0.15756217,,,,,,
fengzao,mola,0.16,,,,4757000,773000,0.16249737,,,,,,
flutterchina,flutter-in-action,0.16,,,,4974000,773000,0.15540813,,,,,,
gkhayes,mlrose,0.16,,,,4860000,773000,0.1590535,,,,,,
glimpse-editor,Glimpse,0.16,,,,4786000,773000,0.16151275,,,,,,
greyli,catchat,0.16,,,,4722000,773000,0.16370182,,,,,,
guesant,shorten-hexdcolor,0.16,,,,4939000,773000,0.15650941,,,,,,
gxtrobot,bustag,0.16,,,,4802000,773000,0.16097459,,,,,,
hackerman234,ftp_bruter_forcer,0.16,,,,4927000,773000,0.1568906,,,,,,
hbina,komuniSTL,0.16,,,,4871000,773000,0.15869431,,,,,,
ianxtianxt,Acunetix12-Scan-Agent,0.16,,,,4770000,773000,0.16205451,,,,,,
immoonancient,TestRepo,0.16,,,,4904500,773000,0.15761036,,,,,,
inspec,inspec,0.16,32,50592,6.3251104E-4,4953000,773000,0.15606703,,,,2.0,6324.0,3.1625552E-4
jiggum,pintos,0.16,,,,4865000,773000,0.15889002,,,,,,
jstanden,cerb,0.16,,,,4800000,773000,0.16104166,,,,,,
kelseyhightower,nocode,0.16,,,,4867666.5,773000,0.15880299,,,,,,
kolton,d2bot-with-kolbot,0.16,,,,4843000,773000,0.1596118,,,,,,
lbenz730,ncaahoopR,0.16,,,,4725000,773000,0.16359788,,,,,,
lstjsuperman,fabric,0.16,,,,4872818.0,773000,0.1586351,,,,,,
mattjopete,chaptifier,0.16,32,50592,6.3251104E-4,4747000,773000,0.16283968,,,,4.0,6324.0,6.3251104E-4
mdn,sprints,0.16,,,,4770000,773000,0.16205451,,,,,,
microsoft,tempeh,0.16,24,50592,4.743833E-4,4749000,773000,0.1627711,,,,3.0,6324.0,4.743833E-4
microsoft,vscode-azure-iot-toolkit,0.16,,,,4937000,773000,0.15657282,,,,,,
microsoftgraph,microsoft-graph-docs,0.16,72,50592,0.00142315,4998000,773000,0.15466186,,,,9.0,6324.0,0.00142315
momentum-mod,game,0.16,,,,4774333.5,773000,0.16190742,,,,,,
mozilla,protocol,0.16,,,,4962000,773000,0.15578395,,,,,,
pqina,filepond,0.16,,,,4932000,773000,0.15673155,,,,,,
prescottprue,react-redux-firebase,0.16,,,,4712000,773000,0.16404924,,,,,,
quicktype,quicktype,0.16,,,,4891000,773000,0.1580454,,,,,,
romeric,Fastor,0.16,,,,4802000,773000,0.16097459,,,,,,
shirasagi,shirasagi,0.16,32,50592,6.3251104E-4,4867000,773000,0.15882474,,,,4.0,6324.0,6.3251104E-4
shiratap,DSA,0.16,40,50592,7.9063885E-4,4957000,773000,0.1559411,10666.667,0,0.0,5.0,6324.0,7.9063885E-4
sisong,UnityAndroidHotUpdate,0.16,,,,4689000,773000,0.16485392,,,,,,
sorainsm,library-of-lighting-models,0.16,,,,4873000,773000,0.15862918,,,,,,
strapi,strapi,0.16,,,,4701000,773000,0.1644331,,,,,,
usnistgov,REFPROP-issues,0.16,,,,4783000,773000,0.16161405,,,,,,
vapoursynth,vapoursynth,0.16,,,,4823000,773000,0.16027369,,,,,,
vatlab,jupyterlab-sos,0.16,,,,4868000,773000,0.15879211,,,,,,
viniciusarre,quote-a-lang-crawler,0.16,40,50592,7.9063885E-4,4933000,773000,0.15669978,1513666.6,0,0.0,5.0,6324.0,7.9063885E-4
webcompat,web-bugs,0.16,,,,4757833.5,773000,0.16246891,,,,,,
wizyoung,YOLOv3_TensorFlow,0.16,,,,4710000,773000,0.1641189,,,,,,
wzhanjun,blog,0.16,,,,4814000,773000,0.16057333,,,,,,
xyjprc,hon,0.16,,,,4977000,773000,0.15531445,,,,,,
yellowbluesky,PixivforMuzei3,0.16,,,,4798000,773000,0.16110879,,,,,,
yurikrupniktools,client-apps,0.16,,,,4884000,773000,0.15827191,,,,,,
zephyrproject-rtos,zephyr,0.16,,,,4748000,773000,0.1628054,,,,,,
1314cc,blog_talk,0.15,,,,5090000,773000,0.1518664,,,,,,
APrioriInvestments,typed_python,0.15,16,50592,3.1625552E-4,5127000,773000,0.15077043,,,,2.0,6324.0,3.1625552E-4
Anyway521,comments,0.15,,,,5130000,773000,0.15068226,,,,,,
CleverRaven,Cataclysm-DDA,0.15,,,,5239666.5,773000,0.14752847,,,,,,
DotNetAppCompatFeiWang,github-issues-cli-Test,0.15,,,,5301500,773000,0.14580779,,,,,,
ElektraInitiative,libelektra,0.15,,,,5250000,773000,0.14723809,,,,,,
EnigmaDragons,ProjectNeon,0.15,24,50592,4.743833E-4,5271666.5,773000,0.14663294,22500,0,0.0,3.0,6324.0,4.743833E-4
GravitLauncher,Launcher,0.15,,,,5291000,773000,0.14609715,,,,,,
JuliaLang,Pkg.jl,0.15,,,,4999000,773000,0.15463093,,,,,,
MicrosoftDocs,windows-itpro-docs,0.15,16,50592,3.1625552E-4,5206000,773000,0.14848252,,,,2.0,6324.0,3.1625552E-4
Monika-After-Story,MonikaModDev,0.15,8,50592,1.5812776E-4,5072000,773000,0.15240537,,,,1.0,6324.0,1.5812776E-4
NUCS349,hw1-decision-trees,0.15,,,,5008000,773000,0.15435304,,,,,,
PengyiZhang,SlimYOLOv3,0.15,,,,5262000,773000,0.14690232,,,,,,
ThilinaRajapakse,simpletransformers,0.15,,,,5060000,773000,0.1527668,,,,,,
US-CBP,GTAS,0.15,,,,5000000,773000,0.1546,,,,,,
ajnatzic,Chad,0.15,16,50592,3.1625552E-4,5287000,773000,0.14620768,,,,2.0,6324.0,3.1625552E-4
alibaba,BizCharts,0.15,,,,5132000,773000,0.15062355,,,,,,
autotester-one,integration-tests-38,0.15,,,,5066000,773000,0.15258586,,,,,,
autotester-one,integration-tests-74963,0.15,,,,5305333.5,773000,0.14570244,,,,,,
autotester-one,integration-tests-80624,0.15,,,,5241000,773000,0.14749093,,,,,,
basestart,basestart.github.io,0.15,,,,5296000,773000,0.14595921,,,,,,
cherryWood55,Object-Oriented-Programming,0.15,24,50592,4.743833E-4,5031000,773000,0.1536474,,,,3.0,6324.0,4.743833E-4
chrisdancee,react-ios-pwa-prompt,0.15,,,,5039000,773000,0.15340345,,,,,,
climate-machine,Oceananigans.jl,0.15,,,,5221000,773000,0.14805593,,,,,,
cncjs,cncjs,0.15,,,,5118000,773000,0.15103556,,,,,,
daybrush,scenejs-effects,0.15,8,50592,1.5812776E-4,5042000,773000,0.15331218,,,,1.0,6324.0,1.5812776E-4
dotnet,docs,0.15,56,50592,0.0011068943,5079000,773000,0.15219532,,,,3.5,6324.0,5.534472E-4
falkTX,Carla,0.15,,,,5283000,773000,0.14631838,,,,,,
guoguicheng,mxreality.js,0.15,,,,5129000,773000,0.15071164,,,,,,
halide,Halide,0.15,,,,5069000,773000,0.15249556,,,,,,
idanarye,rust-typed-builder,0.15,,,,5073000,773000,0.15237533,,,,,,
johnpapa,vscode-peacock,0.15,,,,5206000,773000,0.14848252,,,,,,
junegunn,fzf.vim,0.15,,,,5180000,773000,0.1492278,,,,,,
kbdlab,walking_robot,0.15,,,,5079000,773000,0.15219532,,,,,,
kfug,frontconf2019,0.15,,,,5220000,773000,0.1480843,,,,,,
kubernetes-sigs,krew-index,0.15,,,,4994000,773000,0.15478574,,,,,,
liguowang,CrossMap,0.15,,,,5277000,773000,0.14648475,,,,,,
maptalks,maptalks.three,0.15,,,,5259000,773000,0.14698611,,,,,,
microsoft,PowerToys,0.15,,,,5245000,773000,0.14737846,,,,,,
mizzao,bot.land,0.15,8,50592,1.5812776E-4,5020000,773000,0.15398407,368000,0,0.0,1.0,6324.0,1.5812776E-4
monome,norns,0.15,,,,5133000,773000,0.15059419,,,,,,
mopidy,mopidy-gmusic,0.15,,,,5121000,773000,0.15094708,,,,,,
mozilla,addons-frontend,0.15,,,,5173000,773000,0.14942974,,,,,,
nimbus-org,nimbus,0.15,,,,5089000,773000,0.15189625,,,,,,
noobcoderr,noobcoderr.github.io,0.15,,,,5289000,773000,0.14615239,,,,,,
nutti,blender-mqo,0.15,,,,5078000,773000,0.15222529,,,,,,
opensource-workshop,connect-cms,0.15,8,50592,1.5812776E-4,5013000,773000,0.15419908,,,,1.0,6324.0,1.5812776E-4
phoenixsky,fun_android_flutter,0.15,,,,5287000,773000,0.14620768,,,,,,
riley805,TTT-Issue-Tracker,0.15,,,,5246000,773000,0.14735036,,,,,,
rust-br,rust-book-pt-br,0.15,,,,5299500,773000,0.14586282,,,,,,
ryangBUAA,DS-CNN,0.15,,,,5006000,773000,0.1544147,,,,,,
scikit-learn,scikit-learn,0.15,,,,5300000,773000,0.14584906,,,,,,
sehajyang,sehajyang.github.io,0.15,16,50592,3.1625552E-4,5321000,773000,0.14527345,,,,2.0,6324.0,3.1625552E-4
shadowsocks,ShadowsocksX-NG,0.15,,,,5224000,773000,0.1479709,,,,,,
spdk,spdk,0.15,,,,5159666.5,773000,0.14981587,,,,,,
starrtc,starrtc-server,0.15,,,,5044000,773000,0.1532514,,,,,,
sysown,proxysql,0.15,,,,5008000,773000,0.15435304,,,,,,
taozhijiang,chinese_nlp,0.15,,,,5255000,773000,0.147098,,,,,,
tektoncd,triggers,0.15,,,,5078000,773000,0.15222529,,,,,,
thx,rap2-delos,0.15,,,,5236000,773000,0.14763178,,,,,,
ticket721,env,0.15,,,,5096000,773000,0.15168759,,,,,,
tomblachut,svelte-intellij,0.15,,,,5065500,773000,0.15260093,,,,,,
ufosc,albot-and-albota,0.15,8,50592,1.5812776E-4,5309000,773000,0.14560181,,,,1.0,6324.0,1.5812776E-4
videojs,video.js,0.15,,,,5162000,773000,0.14974816,,,,,,
wubba-lubba-dub-dub,movies,0.15,,,,5255000,773000,0.147098,,,,,,
wuxingzhong,gitalk-bytectl,0.15,,,,5281666.5,773000,0.14635532,,,,,,
xamarin,Xamarin.Forms,0.15,24,50592,4.743833E-4,5339333.5,773000,0.14477463,,,,1.5,6324.0,2.3719165E-4
zpliu1126,-figureBed,0.15,,,,5313000,773000,0.1454922,,,,,,
AdguardTeam,AdguardFilters,0.14,,,,5718500,773000,0.1351753,,,,,,
AnalyticalGraphicsInc,cesium,0.14,24,50592,4.743833E-4,5584000,773000,0.13843124,,,,3.0,6324.0,4.743833E-4
AndreiMisiukevich,CardView,0.14,,,,5404000,773000,0.14304219,,,,,,
AtlasNX,Kosmos-Updater,0.14,,,,5624000,773000,0.13744666,,,,,,
BUET-Reports,anonymous-report,0.14,16,50592,3.1625552E-4,5554000,773000,0.13917898,,,,2.0,6324.0,3.1625552E-4
BeichenDream,FuckMarkdownPad,0.14,,,,5553000,773000,0.13920404,,,,,,
EYHN,vscode-vibrancy,0.14,,,,5411000,773000,0.14285715,,,,,,
GENZITSU,useful_materials,0.14,,,,5556500,773000,0.13911635,,,,,,
GenericMappingTools,pygmt,0.14,56,50592,0.0011068943,5569000,773000,0.1388041,2216000,0,0.0,2.3333333,6324.0,3.689648E-4
NCEAS,oboe,0.14,,,,5495000,773000,0.14067334,,,,,,
OpenRCT2,OpenRCT2,0.14,,,,5687000,773000,0.13592404,,,,,,
ParadigmFoundation,kosu-monorepo,0.14,,,,5562000,773000,0.13897878,,,,,,
RastislavMirek,FlexColorPicker,0.14,8,50592,1.5812776E-4,5692000,773000,0.13580464,,,,1.0,6324.0,1.5812776E-4
SFXRescue,SARTInterface,0.14,16,50592,3.1625552E-4,5579000,773000,0.1385553,1848000,0,0.0,1.0,6324.0,1.5812776E-4
SaltzmanAlaric,weekly,0.14,,,,5600000,773000,0.13803571,,,,,,
WebAssembly,multi-value,0.14,,,,5458000,773000,0.14162697,,,,,,
aarifsk,github-slideshow,0.14,24,50592,4.743833E-4,5694000,773000,0.13575694,194000,0,0.0,3.0,6324.0,4.743833E-4
aceld,zinx,0.14,,,,5425000,773000,0.14248848,,,,,,
aibees,algorithm,0.14,,,,5670000,773000,0.13633157,,,,,,
ansible,ansible,0.14,16,50592,3.1625552E-4,5532000,773000,0.13973247,,,,1.0,6324.0,1.5812776E-4
antonba,ApimTest,0.14,,,,5698500,773000,0.13564973,,,,,,
betterscientificsoftware,betterscientificsoftware.github.io,0.14,,,,5597000,773000,0.1381097,,,,,,
blaCCkHatHacEEkr,PENTESTING-BIBLE,0.14,,,,5529000,773000,0.13980828,,,,,,
cabaletta,baritone,0.14,16,50592,3.1625552E-4,5478000,773000,0.1411099,,,,2.0,6324.0,3.1625552E-4
ckeditor,ckeditor4,0.14,,,,5415000,773000,0.14275162,,,,,,
cntt-n,CNTT,0.14,,,,5337000,773000,0.14483793,,,,,,
codeegginterviewgroup,CodeEggDailyInterview,0.14,,,,5486000,773000,0.14090411,,,,,,
commercialhaskell,stackage,0.14,24,50592,4.743833E-4,5584000,773000,0.13843124,,,,3.0,6324.0,4.743833E-4
cre-ne-jp,log-archiver,0.14,8,50592,1.5812776E-4,5587000,773000,0.1383569,,,,1.0,6324.0,1.5812776E-4
cuiliang,Quicker,0.14,,,,5518000,773000,0.140087,,,,,,
dart-lang,sdk,0.14,8,50592,1.5812776E-4,5570000,773000,0.13877918,,,,1.0,6324.0,1.5812776E-4
dataplayer12,homesecurity,0.14,,,,5378000,773000,0.14373372,,,,,,
davidroyer,vue2-editor,0.14,,,,5457000,773000,0.14165293,,,,,,
dgraph-io,dgraph,0.14,32,50592,6.3251104E-4,5421000,773000,0.14259362,,,,4.0,6324.0,6.3251104E-4
diguage,kubernetes-notes,0.14,,,,5481000,773000,0.14103265,,,,,,
edward-ganuelas,directus-client,0.14,,,,5337000,773000,0.14483793,,,,,,
erikwijmans,Pointnet2_PyTorch,0.14,,,,5385000,773000,0.1435469,,,,,,
espressif,arduino-esp32,0.14,,,,5562000,773000,0.13897878,,,,,,
expo,expo-cli,0.14,,,,5478000,773000,0.1411099,,,,,,
femiwiki,FemiwikiSkin,0.14,,,,5449000,773000,0.14186089,,,,,,
fish-shell,fish-shell,0.14,,,,5583000,773000,0.13845603,,,,,,
flutter,flutter,0.14,24,50592,4.743833E-4,5498250,773000,0.14059019,2243500,0,0.0,1.0,6324.0,1.5812776E-4
github,check-all,0.14,16,50592,3.1625552E-4,5645000,773000,0.13693534,,,,2.0,6324.0,3.1625552E-4
glfw,glfw,0.14,,,,5387000,773000,0.1434936,,,,,,
googleads,google-ads-java,0.14,,,,5475000,773000,0.14118722,,,,,,
invalidCards,terrible-rsw-ideas,0.14,,,,5473500,773000,0.1412259,,,,,,
javascripteverywhere,api,0.14,,,,5531000,773000,0.13975772,,,,,,
javascripteverywhere,desktop,0.14,,,,5519000,773000,0.1400616,,,,,,
javascripteverywhere,mobile,0.14,,,,5485000,773000,0.1409298,,,,,,
javascripteverywhere,site,0.14,16,50592,3.1625552E-4,5444000,773000,0.14199118,,,,2.0,6324.0,3.1625552E-4
javascripteverywhere,web,0.14,,,,5416000,773000,0.14272526,,,,,,
kingzeus,database,0.14,,,,5444000,773000,0.14199118,,,,,,
kubernetes-sigs,cluster-api-provider-aws,0.14,,,,5455000,773000,0.14170486,,,,,,
learn-co-curriculum,dsc-project-building-a-calculator,0.14,,,,5488000,773000,0.14085276,,,,,,
manateelazycat,emacs-application-framework,0.14,,,,5656000,773000,0.13666902,,,,,,
martinjanas,Sensum,0.14,,,,5365000,773000,0.14408201,,,,,,
mbrn,material-table,0.14,,,,5377000,773000,0.14376046,,,,,,
mesalock-linux,rust-optee-trustzone-sdk,0.14,,,,5569000,773000,0.1388041,,,,,,
mikeEngineer92,fitness_records,0.14,,,,5723000,773000,0.13506901,,,,,,
mitchtabian,Kotlin-Coroutine-Examples,0.14,,,,5514000,773000,0.1401886,,,,,,
nerdguru,sls-pypi,0.14,16,50592,3.1625552E-4,5683000,773000,0.1360197,,,,2.0,6324.0,3.1625552E-4
ovidem,starter-email-template,0.14,16,50592,3.1625552E-4,5524000,773000,0.13993482,,,,2.0,6324.0,3.1625552E-4
ows-ali,Hacktoberfest,0.14,,,,5436000,773000,0.14220014,,,,,,
pbatard,libwdi,0.14,,,,5403000,773000,0.14306867,,,,,,
petitssuisses,piwigo-ForceHTTPS,0.14,,,,5602000,773000,0.13798644,,,,,,
phillipspc,budgeter,0.14,8,50592,1.5812776E-4,5677000,773000,0.13616347,,,,1.0,6324.0,1.5812776E-4
rapidsai,cudf,0.14,,,,5679666.5,773000,0.13609953,,,,,,
sbt,sbt,0.14,,,,5344000,773000,0.14464821,,,,,,
shinesolutions,packer-aem,0.14,,,,5709000,773000,0.13540025,,,,,,
tajo,react-range,0.14,,,,5388000,773000,0.14346696,,,,,,
thuehlinger,daemons,0.14,,,,5488000,773000,0.14085276,,,,,,
tonyqus,npoi,0.14,,,,5715000,773000,0.1352581,,,,,,
v2ray,discussion,0.14,,,,5444000,773000,0.14199118,,,,,,
vistadataproject,VAMDashboard,0.14,8,50592,1.5812776E-4,5436000,773000,0.14220014,,,,1.0,6324.0,1.5812776E-4
wardpeng,LucasOpticalFlow_Speed,0.14,,,,5536000,773000,0.13963151,,,,,,
webtorrent,webtorrent-hybrid,0.14,,,,5334000,773000,0.14491938,,,,,,
xrucka,bluetooth-manager-dbus,0.14,,,,5346000,773000,0.14459409,,,,,,
zdnscloud,singlecloud,0.14,,,,5532000,773000,0.13973247,,,,,,
9lala,RobotMap,0.13,,,,5823000,773000,0.13274944,,,,,,
AY1920S1-CS2103T-T09-3,main,0.13,,,,5887000,773000,0.13130626,,,,,,
AutarkLabs,open-enterprise,0.13,,,,5885000,773000,0.13135089,,,,,,
Azure,SONiC,0.13,,,,5980000,773000,0.12926422,,,,,,
BangguWu,ECANet,0.13,,,,5802000,773000,0.13322993,,,,,,
CS4800-Null,Nullify,0.13,,,,6004000,773000,0.12874751,,,,,,
EISK,eisk.webapi,0.13,,,,6122000,773000,0.12626593,,,,,,
FiloSottile,mkcert,0.13,,,,5820000,773000,0.13281786,,,,,,
Geal,nom,0.13,,,,5998000,773000,0.1288763,,,,,,
Gendr,HideBlizzard,0.13,,,,5987000,773000,0.12911308,,,,,,
HangfireIO,Hangfire,0.13,,,,5839000,773000,0.13238569,,,,,,
JuicyJudyProductions,github-slideshow,0.13,,,,6021000,773000,0.128384,,,,,,
MicrosoftDocs,CSIDev-Public,0.13,16,50592,3.1625552E-4,5942000,773000,0.13009088,,,,2.0,6324.0,3.1625552E-4
OP-TEE,optee_os,0.13,,,,5905000,773000,0.13090602,,,,,,
Progressive335,Progressive335,0.13,,,,6159000,773000,0.12550738,,,,,,
QuantEcon,sphinxcontrib-jupyter,0.13,,,,5788000,773000,0.13355218,,,,,,
Rainbox-dev,DuBLF_DuViews,0.13,,,,6157000,773000,0.12554815,,,,,,
TinyKitten,sugoibot,0.13,48,50592,9.487666E-4,5835500,773000,0.13246508,3974000,0,0.0,6.0,6324.0,9.487666E-4
WoWManiaUK,Blackwing-Lair,0.13,,,,6062500,773000,0.12750515,,,,,,
alibaba-fusion,next,0.13,,,,6128000,773000,0.1261423,,,,,,
aquiladev,remix-mythx-plugin,0.13,,,,5884000,773000,0.13137321,,,,,,
archivematica,Issues,0.13,,,,5931000,773000,0.13033216,,,,,,
ardean,jsGBC-core,0.13,,,,5998000,773000,0.1288763,,,,,,
argoproj,argo-events,0.13,8,50592,1.5812776E-4,6010000,773000,0.12861897,,,,1.0,6324.0,1.5812776E-4
autotester-one,integration-tests-34131,0.13,,,,5966000,773000,0.12956755,,,,,,
autotester-one,integration-tests-55842,0.13,,,,6138000,773000,0.12593679,,,,,,
avored,laravel-ecommerce,0.13,,,,5974000,773000,0.12939404,,,,,,
aws,aws-cdk,0.13,,,,6098000,773000,0.12676287,,,,,,
bloghran618,SpotBird,0.13,,,,5943000,773000,0.13006899,,,,,,
blopez2010,graphql_livestock_auction_web,0.13,,,,6023000,773000,0.12834136,,,,,,
caserec,CaseRecommender,0.13,,,,6040000,773000,0.12798013,,,,,,
cqbqdd11519,DockerClient,0.13,,,,6169000,773000,0.12530394,,,,,,
cse442-fall-2019-offering,442projects-spotme-inc,0.13,,,,6042000,773000,0.12793776,,,,,,
damdoy,ice40_ultraplus_examples,0.13,,,,6114000,773000,0.12643114,,,,,,
dealii,dealii,0.13,,,,5987000,773000,0.12911308,,,,,,
directus,app,0.13,,,,6043000,773000,0.1279166,,,,,,
envoyproxy,envoy,0.13,8,50592,1.5812776E-4,5863000,773000,0.13184376,,,,1.0,6324.0,1.5812776E-4
freecodecamp-caracas,freecodecamp-caracas.github.io,0.13,,,,5806000,773000,0.13313814,,,,,,
gloriaJun,til,0.13,,,,5974000,773000,0.12939404,,,,,,
gta-chaos-mod,ASI-script,0.13,,,,5937000,773000,0.13020043,,,,,,
hczheng,Rong360,0.13,,,,5838000,773000,0.13240837,,,,,,
inertiajs,inertia-rails,0.13,,,,5878000,773000,0.13150732,,,,,,
instagrambot,GramUp,0.13,,,,6157000,773000,0.12554815,,,,,,
ionic-team,ionic,0.13,,,,5970000,773000,0.12948073,,,,,,
kameiatsushi,AtsushiKamei,0.13,,,,5822000,773000,0.13277224,,,,,,
kentya6,KYCircularProgress,0.13,,,,5756000,773000,0.13429464,,,,,,
kodiakorg,financial,0.13,,,,5849000,773000,0.13215934,,,,,,
koorellasuresh,UKRegionTest,0.13,,,,5869500,773000,0.13169776,,,,,,
landley,toybox,0.13,8,50592,1.5812776E-4,5853000,773000,0.13206902,,,,1.0,6324.0,1.5812776E-4
lanshan-studio,wecqupt,0.13,,,,5776000,773000,0.13382964,,,,,,
lavavu,LavaVu,0.13,,,,6059000,773000,0.12757881,,,,,,
lenve,vhr,0.13,,,,6058000,773000,0.12759987,,,,,,
liming1018,github-slideshow,0.13,,,,5991000,773000,0.12902687,,,,,,
liuhuanyong,TextGrapher,0.13,,,,5870000,773000,0.13168654,,,,,,
macroldj,architecture,0.13,,,,5787000,773000,0.13357526,,,,,,
macroldj,macroProLanguage,0.13,,,,5963000,773000,0.12963274,,,,,,
maestria-geotel-201902,unidad-0-asignacion-1-asig-conrstudio-issues-Montaner32,0.13,,,,6009000,773000,0.12864037,,,,,,
mintproject,model-catalog-api,0.13,,,,5745000,773000,0.13455178,,,,,,
mozilla,pdf.js,0.13,,,,5887000,773000,0.13130626,,,,,,
qappleh,Web-Daily-Question,0.13,8,50592,1.5812776E-4,6069000,773000,0.1273686,,,,1.0,6324.0,1.5812776E-4
red-hat-storage,ocs-ci,0.13,8,50592,1.5812776E-4,5983000,773000,0.1291994,,,,1.0,6324.0,1.5812776E-4
rossfuhrman,_why_the_lucky_markov,0.13,,,,5978000,773000,0.12930746,,,,,,
skylineheart,github-slideshow,0.13,,,,5797000,773000,0.13334483,,,,,,
ssfc,wangdao,0.13,,,,6056000,773000,0.127642,,,,,,
thecodecousins,thecodecousins,0.13,24,50592,4.743833E-4,6177000,773000,0.12514165,,,,3.0,6324.0,4.743833E-4
ucb-bar,chipyard,0.13,32,50592,6.3251104E-4,5833000,773000,0.13252185,3267000,0,0.0,4.0,6324.0,6.3251104E-4
usc-isi-i2,Web-Karma,0.13,,,,5975000,773000,0.12937239,,,,,,
vscode-icons,vscode-icons,0.13,,,,5759000,773000,0.1342247,,,,,,
vulcan9,jikji.editor,0.13,,,,6171000,773000,0.12526333,,,,,,
wevote,EndorsementExtension,0.13,,,,5920500,773000,0.1305633,,,,,,
xuliangzhan,vxe-table,0.13,,,,6171000,773000,0.12526333,,,,,,
zeit,pkg,0.13,,,,6052000,773000,0.12772638,,,,,,
clbjqp2826,ntdtv,0.13,3248,50592,0.06419987,,,,,,,406.0,6324.0,0.06419987
Azure,application-gateway-kubernetes-ingress,0.12,,,,6699000,773000,0.11539036,,,,,,
Azure,azure-sdk-for-java,0.12,48,50592,9.487666E-4,6731000,773000,0.114841774,,,,1.5,6324.0,2.3719165E-4
DengJackNo1,web_framework,0.12,,,,6186000,773000,0.12495959,,,,,,
DragonCherry,AssetsPickerViewController,0.12,,,,6275000,773000,0.12318725,,,,,,
EFForg,eff_matomo,0.12,,,,6423000,773000,0.120348744,,,,,,
GSA,datagov-deploy,0.12,,,,6254000,773000,0.12360089,,,,,,
JQ221,NewEmp2,0.12,,,,6673000,773000,0.11583995,,,,,,
Jmandarino,Disney-Reservation-Checker,0.12,,,,6462000,773000,0.11962241,,,,,,
Kaplas80,TranslationFramework2,0.12,,,,6599000,773000,0.11713896,,,,,,
Kodular,BugsTracker,0.12,,,,6582000,773000,0.117441505,,,,,,
MarFoLeigh,academic-kickstart2.0,0.12,,,,6609000,773000,0.11696172,,,,,,
MicrosoftDocs,dynamics-365-customer-engagement,0.12,32,50592,6.3251104E-4,6626000,773000,0.11666164,,,,4.0,6324.0,6.3251104E-4
Mirasire,study-notes,0.12,,,,6524000,773000,0.11848559,,,,,,
Moosphan,Android-Daily-Interview,0.12,8,50592,1.5812776E-4,6544000,773000,0.11812347,,,,1.0,6324.0,1.5812776E-4
MultiChat,Development,0.12,,,,6327000,773000,0.12217481,,,,,,
NASA-PDS-Incubator,pds-search-server,0.12,,,,6423500,773000,0.12033938,,,,,,
NITTC-ComputerClub,SeiDoc,0.12,48,50592,9.487666E-4,6531800,773000,0.1183441,518000,0,0.0,1.5,6324.0,2.3719165E-4
NathanDeMaria,py-glicko,0.12,16,50592,3.1625552E-4,6598000,773000,0.117156714,266000,0,0.0,2.0,6324.0,3.1625552E-4
Neamar,KISS,0.12,,,,6565000,773000,0.11774562,,,,,,
Qidian213,Ranked_Person_ReID,0.12,,,,6639000,773000,0.116433196,,,,,,
ROBOTPAYMENT,billing-robo-apispec,0.12,,,,6476000,773000,0.11936381,,,,,,
Seb-Park,Avoid,0.12,16,50592,3.1625552E-4,6646000,773000,0.11631056,,,,2.0,6324.0,3.1625552E-4
TobleMiner,openwrt-prereleases-bin,0.12,,,,6201000,773000,0.12465731,,,,,,
UnknowG,PlayerAnnouncements,0.12,,,,6687000,773000,0.11559743,,,,,,
UrbanDiction,activityProxy,0.12,,,,6627000,773000,0.11664403,,,,,,
UrbanDiction,listService,0.12,,,,6530000,773000,0.118376724,,,,,,
Yikun,hashes,0.12,,,,6703000,773000,0.115321495,,,,,,
ZumZoom,analytics,0.12,,,,6371000,773000,0.12133103,,,,,,
apollographql,apollo-server,0.12,8,50592,1.5812776E-4,6602000,773000,0.11708573,,,,1.0,6324.0,1.5812776E-4
aspnet,AspNetCore,0.12,8,50592,1.5812776E-4,6419500,773000,0.12041436,,,,1.0,6324.0,1.5812776E-4
autotester-one,integration-tests-81280,0.12,,,,6198333.5,773000,0.12471095,,,,,,
benmosher,eslint-plugin-import,0.12,,,,6287000,773000,0.122952126,,,,,,
broadinstitute,picard,0.12,,,,6404000,773000,0.120705806,,,,,,
cockroachdb,docs,0.12,,,,6209000,773000,0.1244967,,,,,,
cozuya,secret-hitler,0.12,,,,6516000,773000,0.118631065,,,,,,
cq-panda,Vue.NetCore,0.12,8,50592,1.5812776E-4,6552000,773000,0.11797924,,,,1.0,6324.0,1.5812776E-4
crutchy-,webdb,0.12,8,50592,1.5812776E-4,6515000,773000,0.118649274,,,,1.0,6324.0,1.5812776E-4
cryptoeconomicslab,ovm.tz,0.12,,,,6681500,773000,0.115692586,,,,,,
cs531-f19,discussions,0.12,,,,6263000,773000,0.12342328,,,,,,
cuenca-mx,hub,0.12,16,50592,3.1625552E-4,6519000,773000,0.11857647,,,,2.0,6324.0,3.1625552E-4
davinci-dev,android_device_xiaomi_sm6150-common,0.12,32,50592,6.3251104E-4,6394000,773000,0.12089459,,,,4.0,6324.0,6.3251104E-4
department-of-veterans-affairs,caseflow,0.12,24,50592,4.743833E-4,6677000,773000,0.115770556,,,,1.5,6324.0,2.3719165E-4
evenchange4,gh-polls-bot,0.12,,,,6274000,773000,0.12320688,,,,,,
faisaldwir,iconk-made,0.12,8,50592,1.5812776E-4,6215333.5,773000,0.12436984,,,,1.0,6324.0,1.5812776E-4
fink,fink-distributions,0.12,,,,6639000,773000,0.116433196,,,,,,
firebase,firebaseopensource.com,0.12,,,,6410000,773000,0.120592825,,,,,,
firesim,firesim,0.12,,,,6452000,773000,0.11980781,,,,,,
firewalld,firewalld,0.12,,,,6503000,773000,0.11886822,,,,,,
framer,salesforce-lightning.framerfx,0.12,,,,6480000,773000,0.11929012,,,,,,
getsentry,sentry,0.12,144,50592,0.0028463,6498000,773000,0.11895968,,,,1.8,6324.0,2.8463E-4
git-zjx,git-zjx.github.io,0.12,,,,6273000,773000,0.12322652,,,,,,
go-gitea,gitea,0.12,8,50592,1.5812776E-4,6429000,773000,0.12023643,,,,1.0,6324.0,1.5812776E-4
godotengine,godot,0.12,,,,6255000,773000,0.123581134,,,,,,
googleapis,nodejs-logging,0.12,40,50592,7.9063885E-4,6344000,773000,0.12184741,905000,0,0.0,1.6666666,6324.0,2.6354627E-4
gorilla-devs,GDLauncher,0.12,,,,6626000,773000,0.11666164,,,,,,
hustnhk,Dalao-Group,0.12,,,,6718000,773000,0.11506401,,,,,,
inc2734,snow-monkey,0.12,24,50592,4.743833E-4,6343666.5,773000,0.12185382,,,,3.0,6324.0,4.743833E-4
intel-isl,Open3D,0.12,,,,6605000,773000,0.11703255,,,,,,
isaacvr,testing,0.12,,,,6232889.0,773000,0.12401954,,,,,,
istio,istio,0.12,,,,6623000,773000,0.11671448,,,,,,
